date,start,km,stay
2020-04-04,10500,0.06474694741080386,0.9785936812813436
2020-04-04,10750,0.008034194688651294,0.9961051400524868
2020-04-04,11300,0.09701900832778124,0.9751401961372348
2020-04-04,11450,0.002291893970847467,0.9988678040557146
2020-04-04,11500,0.0056868683465681686,0.9971900450271936
2020-04-04,11520,0.023142220421284714,0.9920410278459905
2020-04-04,11570,0.035638289163283904,0.9868589555355138
2020-04-04,12380,0.053322504278141676,0.9825032252095224
2020-04-04,12850,0.03065107362476861,0.9867030952994448
2020-04-04,12930,0.05262307008955467,0.9827156517121968
2020-04-04,14100,0.0,1.0
2020-04-04,14170,0.053342088829081744,0.9794588866582308
2020-04-04,14500,0.009678574029862594,0.9967069450643423
2020-04-04,14700,0.021609434021388353,0.9905580085481464
2020-04-04,14900,0.011777666118972024,0.9944897128576717
2020-04-04,15350,0.04098685889897711,0.9814971018633196
2020-04-04,15950,0.06604151802530031,0.976848251647088
2020-04-04,15990,0.03657415141880571,0.9844217865418804
2020-04-04,16260,0.040567691038627854,0.9892258458300156
2020-04-04,16350,0.015315359446377724,0.9944532699652756
2020-04-04,16550,0.0822116092533154,0.9676474728408327
2020-04-04,16700,0.006620127609449914,0.9967399591304387
2020-04-04,17100,0.08823471218647927,0.979496989416397
2020-04-04,17150,0.004071497529842717,0.9979890326706836
2020-04-04,17200,0.22135051946857873,0.9471264203754165
2020-04-04,18050,0.1526933900418109,0.9421512605950385
2020-04-04,18250,0.04384951586918074,0.9848090446630524
2020-04-04,18500,0.1054862327503331,0.9561476536607993
2020-04-05,10500,0.088282455509906,0.9780784933909048
2020-04-05,10750,0.007625976006418409,0.996297633901248
2020-04-05,11300,0.1407049720114665,0.9680923388168816
2020-04-05,11450,0.002916556551242165,0.9987916102464944
2020-04-05,11500,0.005751545903424998,0.9971581085080078
2020-04-05,11520,0.039502400802501704,0.9884381208453779
2020-04-05,11570,0.0578102086602593,0.9860029063047375
2020-04-05,12380,0.06716422434880792,0.9797751568458255
2020-04-05,12850,0.030561807460331974,0.986145221844938
2020-04-05,12930,0.086054124967891,0.9823146245569884
2020-04-05,14100,0.0,1.0
2020-04-05,14170,0.0718823734739094,0.9785338070073342
2020-04-05,14500,0.011894272873483708,0.9962482680020834
2020-04-05,14700,0.025187461657796242,0.9890434317254239
2020-04-05,14900,0.012482368279264801,0.9943146668867896
2020-04-05,15350,0.038221770981824325,0.9822504134049423
2020-04-05,15950,0.05916450531674361,0.9777850888906356
2020-04-05,15990,0.04876226845095103,0.9828132661635894
2020-04-05,16260,0.05623559077075015,0.9882505622900072
2020-04-05,16350,0.012140508484858347,0.9953621221312461
2020-04-05,16550,0.12581616661071612,0.9612653876758197
2020-04-05,16700,0.006976778788201798,0.9965646688332384
2020-04-05,17100,0.10137035428035691,0.9782550943753667
2020-04-05,17150,0.007113965553457889,0.9964862715321129
2020-04-05,17200,0.19763767353546063,0.947713465210104
2020-04-05,18050,0.17241826703217542,0.9407906494272518
2020-04-05,18250,0.0464828359131126,0.9854518763710828
2020-04-05,18500,0.09908228182069301,0.9604785042815043
2020-04-06,10500,0.14200405131239008,0.969813028141377
2020-04-06,10750,0.010621106595762774,0.9950458952079678
2020-04-06,11300,0.20121592841048858,0.9597089028462729
2020-04-06,11450,0.006805313334145886,0.9971270277896522
2020-04-06,11500,0.014344104765045676,0.9931911370486172
2020-04-06,11520,0.0696975148062068,0.9855178786933286
2020-04-06,11570,0.0843264868294234,0.982179006486864
2020-04-06,12380,0.09511799306250933,0.9764081705674545
2020-04-06,12850,0.035258340110730695,0.9845192037413452
2020-04-06,12930,0.13928078473299194,0.9760200943975821
2020-04-06,14100,0.0,1.0
2020-04-06,14170,0.14086187422046956,0.9625708393807766
2020-04-06,14500,0.015751900397466594,0.995751271101611
2020-04-06,14700,0.06219613756426359,0.977666312800127
2020-04-06,14900,0.030293103568899346,0.9885397729058203
2020-04-06,15350,0.0662939917454053,0.9786861856610882
2020-04-06,15950,0.1826087169520162,0.9464283624925931
2020-04-06,15990,0.08156949021289374,0.9722638091418476
2020-04-06,16260,0.09435695050684949,0.9803835774558641
2020-04-06,16350,0.03638136019548156,0.9872794680200648
2020-04-06,16550,0.1597119827592187,0.951292271031461
2020-04-06,16700,0.023572781906837603,0.9934816285863016
2020-04-06,17100,0.17805637005763864,0.9705183268867176
2020-04-06,17150,0.004613689420609995,0.9977213260363167
2020-04-06,17200,0.630745580975208,0.8878002824266606
2020-04-06,18050,0.2505529890847349,0.9235089871010894
2020-04-06,18250,0.08783548613327045,0.9745398045049771
2020-04-06,18500,0.18514168519456647,0.9335827356782284
2020-04-07,10500,0.17922804344356083,0.9582848118121085
2020-04-07,10750,0.012801004455388409,0.9941277902137218
2020-04-07,11300,0.23295336331340258,0.9542436302346948
2020-04-07,11450,0.015837259821785455,0.9935449985402466
2020-04-07,11500,0.020331516557962087,0.9916579181806713
2020-04-07,11520,0.07864973883302115,0.9820349371451667
2020-04-07,11570,0.10073931319054097,0.9760767735982143
2020-04-07,12380,0.12318487025080783,0.9692896079649108
2020-04-07,12850,0.04700215745076122,0.9805043612313917
2020-04-07,12930,0.17638861312090423,0.9692158852636351
2020-04-07,14100,0.0,1.0
2020-04-07,14170,0.18337887499514358,0.9496088900500919
2020-04-07,14500,0.019570833479618417,0.9940636191743728
2020-04-07,14700,0.10231509768380151,0.9667490168782829
2020-04-07,14900,0.038066522791436054,0.9865981368889588
2020-04-07,15350,0.08906818831272527,0.9720745413471957
2020-04-07,15950,0.2114694887297624,0.9400436718215345
2020-04-07,15990,0.11597796447335067,0.963268226247297
2020-04-07,16260,0.10409083703784122,0.9771887284755575
2020-04-07,16350,0.05020131971190409,0.9829309792399648
2020-04-07,16550,0.2316354136171638,0.9325897215270955
2020-04-07,16700,0.02169580081926101,0.992622806619854
2020-04-07,17100,0.2239195333777099,0.95909189468844
2020-04-07,17150,0.03773094618118193,0.9883361639147896
2020-04-07,17200,0.6354238360018825,0.8848432805312128
2020-04-07,18050,0.2618120508163926,0.9165917845385593
2020-04-07,18250,0.12014515266215679,0.965890359830265
2020-04-07,18500,0.20339609866910494,0.9293456926504916
2020-04-08,10500,0.1665177898118732,0.9592415007840277
2020-04-08,10750,0.013927089255574293,0.9935323822551535
2020-04-08,11300,0.24838836806823264,0.9510746402469634
2020-04-08,11450,0.018249543572486274,0.9924794107634771
2020-04-08,11500,0.023832486961519957,0.9905095935319631
2020-04-08,11520,0.08035839927305076,0.9820211961958649
2020-04-08,11570,0.07873520418550667,0.9805418991483125
2020-04-08,12380,0.11540664193958612,0.9701955344203336
2020-04-08,12850,0.03526057991757835,0.9848425230040705
2020-04-08,12930,0.18302352837448932,0.9693288077938194
2020-04-08,14100,0.0007925724488017811,0.9999218780904194
2020-04-08,14170,0.17112949997093138,0.953191366452102
2020-04-08,14500,0.017417701255723693,0.9944633393983824
2020-04-08,14700,0.08390008053870203,0.9680196113334544
2020-04-08,14900,0.030048541553754502,0.9886494890693613
2020-04-08,15350,0.06194605215965905,0.9754931107495917
2020-04-08,15950,0.19021068487181755,0.9399086566253482
2020-04-08,15990,0.106525432639031,0.9641931635691997
2020-04-08,16260,0.11314433930578512,0.9761305561441934
2020-04-08,16350,0.04735371674841937,0.9835995853707241
2020-04-08,16550,0.21522214045471533,0.9360804004399519
2020-04-08,16700,0.03516133717405519,0.9887032362551588
2020-04-08,17100,0.2064855901343181,0.9626548462072035
2020-04-08,17150,0.018933521719960267,0.9910293443552437
2020-04-08,17200,0.6640948109741023,0.8830707082004253
2020-04-08,18050,0.2511101914487066,0.920759405735634
2020-04-08,18250,0.10381760294055775,0.9677241369252694
2020-04-08,18500,0.20749828200171974,0.9281716699027361
2020-04-09,10500,0.14124722290076863,0.9614338404384632
2020-04-09,10750,0.01819833890345936,0.9919062336907801
2020-04-09,11300,0.19909927477986739,0.9557277882434042
2020-04-09,11450,0.02344025948956176,0.9901805938628095
2020-04-09,11500,0.027456319618687233,0.9893221664904521
2020-04-09,11520,0.07589269629598647,0.9826895155977747
2020-04-09,11570,0.08378435887054415,0.9771334200254183
2020-04-09,12380,0.12069786562015698,0.9669072815811878
2020-04-09,12850,0.045167370084535696,0.9808514688192956
2020-04-09,12930,0.12177393567987443,0.9722026350375905
2020-04-09,14100,0.0007629899724207674,0.9999247939620832
2020-04-09,14170,0.1594892048672941,0.9530682914887181
2020-04-09,14500,0.024397429477277563,0.9930510659532722
2020-04-09,14700,0.07650962789338886,0.9703771363526679
2020-04-09,14900,0.037925919915066476,0.9868559501841048
2020-04-09,15350,0.12360854069610652,0.9630404910691291
2020-04-09,15950,0.16950157785211495,0.9455425555331561
2020-04-09,15990,0.10187883255350978,0.9665613139056416
2020-04-09,16260,0.10219452720954333,0.9759317447095955
2020-04-09,16350,0.059394603625424404,0.9805649768343104
2020-04-09,16550,0.22011584997056616,0.9319436642072527
2020-04-09,16700,0.03772767059503689,0.9870421464526853
2020-04-09,17100,0.19266816331028383,0.9632094483970952
2020-04-09,17150,0.028875658057610536,0.9860269633136255
2020-04-09,17200,0.5898249962766333,0.8909559490505161
2020-04-09,18050,0.2611727551290356,0.9193034309822865
2020-04-09,18250,0.09572483689820513,0.9693969345891819
2020-04-09,18500,0.22150478774710144,0.9267543804823354
2020-04-10,10500,0.043178357083136346,0.9850346841839944
2020-04-10,10750,0.00499943311274278,0.9975385049682262
2020-04-10,11300,0.08675811823627574,0.9762583067484111
2020-04-10,11450,0.0014424676729207324,0.9994961303940602
2020-04-10,11500,0.002897124846298432,0.9985685336913068
2020-04-10,11520,0.02399754038566443,0.991569605842449
2020-04-10,11570,0.03501755877872983,0.9891337527232583
2020-04-10,12380,0.04201853362574004,0.984618108660145
2020-04-10,12850,0.02182199853079508,0.9903747173507238
2020-04-10,12930,0.0337874531936768,0.9882689406762075
2020-04-10,14100,0.0,1.0
2020-04-10,14170,0.043467023448000845,0.9825307172330047
2020-04-10,14500,0.0030750236598156813,0.9984859843958139
2020-04-10,14700,0.01896873470421565,0.9908195499031782
2020-04-10,14900,0.009647537121934153,0.9954669976129242
2020-04-10,15350,0.028480899267282193,0.9859677766648411
2020-04-10,15950,0.044233422936835624,0.9809100843292909
2020-04-10,15990,0.028677538403199,0.9893556466657449
2020-04-10,16260,0.028648260819691067,0.9905312261136978
2020-04-10,16350,0.005534162553669297,0.9974542358462317
2020-04-10,16550,0.07243773793939386,0.9729231544116058
2020-04-10,16700,0.005757334185586022,0.9971649902983826
2020-04-10,17100,0.0558795077088911,0.9839357050962746
2020-04-10,17150,0.008545678072894703,0.9957791658440291
2020-04-10,17200,0.15697270079077524,0.9587421339374105
2020-04-10,18050,0.12004341338004969,0.9514594731434372
2020-04-10,18250,0.023172317338981875,0.9890815614499944
2020-04-10,18500,0.08432640322327951,0.9637987520182794
2020-04-11,10500,0.05794652567643281,0.9801921580793752
2020-04-11,10750,0.007551030485445958,0.9963293581099364
2020-04-11,11300,0.10519676928759877,0.972699371275195
2020-04-11,11450,0.003874978256685022,0.9983850248871748
2020-04-11,11500,0.006236227137985351,0.9970341462948592
2020-04-11,11520,0.039211299758546585,0.989490938354327
2020-04-11,11570,0.03847062390621275,0.9866659381821127
2020-04-11,12380,0.050548280692251854,0.9825914870487599
2020-04-11,12850,0.0282394061436885,0.9873145231908852
2020-04-11,12930,0.06509007938928633,0.980405776693712
2020-04-11,14100,0.0,1.0
2020-04-11,14170,0.05741743988096804,0.9780757389726987
2020-04-11,14500,0.008272570712848095,0.9970126925080605
2020-04-11,14700,0.020781659533460277,0.9907638517378322
2020-04-11,14900,0.01075784810857048,0.9949117848687891
2020-04-11,15350,0.03632912225651947,0.9821011548292088
2020-04-11,15950,0.056843759598431555,0.9768888400168002
2020-04-11,15990,0.03679919009502107,0.9848224905777164
2020-04-11,16260,0.03320008912062422,0.9896068384842923
2020-04-11,16350,0.013606866402224365,0.9949679957901925
2020-04-11,16550,0.08794249766368852,0.9665025180606884
2020-04-11,16700,0.014275725905413265,0.9929697057843601
2020-04-11,17100,0.08361056688583482,0.9807898794103606
2020-04-11,17150,0.006684995295876817,0.996698134118764
2020-04-11,17200,0.19630435577453023,0.9482849432751285
2020-04-11,18050,0.14858114732957078,0.9413099833246004
2020-04-11,18250,0.03484561993399278,0.9877948829825349
2020-04-11,18500,0.11803337502255534,0.9504012242825833
2020-04-12,10500,0.04820014226427885,0.9844232846028151
2020-04-12,10750,0.00461699366667786,0.9977267688733649
2020-04-12,11300,0.05546406466772629,0.9789854956230761
2020-04-12,11450,0.0,1.0
2020-04-12,11500,0.002621888094590741,0.9987044149930503
2020-04-12,11520,0.016781556461748583,0.9917711759408545
2020-04-12,11570,0.023257736742699143,0.9897540063923577
2020-04-12,12380,0.038048801081415375,0.9858062933394304
2020-04-12,12850,0.02570615309517458,0.9883370564506971
2020-04-12,12930,0.03679794343939919,0.9873699348861478
2020-04-12,14100,0.0,1.0
2020-04-12,14170,0.030236814583306904,0.9886092728551862
2020-04-12,14500,0.0028611257448502626,0.9985912736190167
2020-04-12,14700,0.023680483404121256,0.9883334902807157
2020-04-12,14900,0.007428715360452888,0.9965158677550658
2020-04-12,15350,0.0275620433179326,0.9864203242823625
2020-04-12,15950,0.037725894353473934,0.9825683079975833
2020-04-12,15990,0.02191067785377934,0.990228312997848
2020-04-12,16260,0.029344482862109816,0.9923080961359368
2020-04-12,16350,0.0038602589354985576,0.9985022754795349
2020-04-12,16550,0.05393625560279905,0.9776792864155907
2020-04-12,16700,0.0009599302205826098,0.9995273139615481
2020-04-12,17100,0.037783358851656824,0.9859541018529894
2020-04-12,17150,0.002730408630913023,0.9986513915050831
2020-04-12,17200,0.1297071993858352,0.964108982342672
2020-04-12,18050,0.12238601580680256,0.9526700538679914
2020-04-12,18250,0.01776491043916122,0.9912492512874583
2020-04-12,18500,0.0652055581709767,0.9717032235058373
2020-04-13,10500,0.07706256195827732,0.9823684610087476
2020-04-13,10750,0.0060039384244447574,0.9970439450483769
2020-04-13,11300,0.10164251020551857,0.9753023869184833
2020-04-13,11450,0.0022753139703384096,0.9990612171806058
2020-04-13,11500,0.003817953521930574,0.9981136884958279
2020-04-13,11520,0.028177074858221254,0.9914303877988865
2020-04-13,11570,0.04437922062231011,0.9882602716906389
2020-04-13,12380,0.056344680816687934,0.9831438488929557
2020-04-13,12850,0.0178175169522921,0.9918730858274619
2020-04-13,12930,0.09500440342392286,0.9809453469777201
2020-04-13,14100,0.0,1.0
2020-04-13,14170,0.05748964320691704,0.9809942958593776
2020-04-13,14500,0.00871375461602771,0.997113017461676
2020-04-13,14700,0.029456704049133607,0.9872622053572334
2020-04-13,14900,0.01719826536362958,0.9929133499223155
2020-04-13,15350,0.04063878105349087,0.9835277069108603
2020-04-13,15950,0.07816064366638215,0.9719307892606963
2020-04-13,15990,0.04071222404746461,0.9835726473545829
2020-04-13,16260,0.03673470650799276,0.9896725799821833
2020-04-13,16350,0.01645994391582213,0.994029631734443
2020-04-13,16550,0.09014206183493241,0.9702639160323602
2020-04-13,16700,0.006466725929423899,0.9968157002033806
2020-04-13,17100,0.10280598989891587,0.9834633190570861
2020-04-13,17150,0.0028266327338394613,0.9986039427823811
2020-04-13,17200,0.1951376422338146,0.9495440138884141
2020-04-13,18050,0.1573206407142006,0.9470106142389503
2020-04-13,18250,0.050225397482377664,0.9832497940829495
2020-04-13,18500,0.09784666164998557,0.9621242988730622
2020-04-14,10500,0.17818840672399963,0.9583443385889197
2020-04-14,10750,0.013533102786639922,0.9939078713692693
2020-04-14,11300,0.2740894131191991,0.9459606554200438
2020-04-14,11450,0.01620770236435312,0.9932622578519249
2020-04-14,11500,0.0206210989840959,0.9913874230943944
2020-04-14,11520,0.09198703696712192,0.9807495426501533
2020-04-14,11570,0.10253689281497182,0.9758298622553766
2020-04-14,12380,0.1270911680403147,0.9670658987954769
2020-04-14,12850,0.04106455053424098,0.9824569501993801
2020-04-14,12930,0.17396095021402422,0.9687964923979749
2020-04-14,14100,0.000918883604469294,0.9999068298434622
2020-04-14,14170,0.18213622415548725,0.9489659903121038
2020-04-14,14500,0.017127781758551775,0.9949600145491164
2020-04-14,14700,0.09324105300341047,0.9696517863816804
2020-04-14,14900,0.04703978530002705,0.9839834438966432
2020-04-14,15350,0.11496425459390225,0.9626091422290907
2020-04-14,15950,0.18518244783500568,0.9382917385322551
2020-04-14,15990,0.10881965793415792,0.9644125750372112
2020-04-14,16260,0.10241576134828913,0.9759391526773173
2020-04-14,16350,0.046974134674939695,0.9833078697803723
2020-04-14,16550,0.2169154604840012,0.9337887052371315
2020-04-14,16700,0.036057262535987546,0.9891588321394067
2020-04-14,17100,0.21963842804183148,0.9585553654870725
2020-04-14,17150,0.021336107987441354,0.9894620383178631
2020-04-14,17200,0.6292991120174503,0.8834561660107402
2020-04-14,18050,0.28285956377817073,0.908415677264104
2020-04-14,18250,0.12128936647060229,0.9666301491845759
2020-04-14,18500,0.2044105868413698,0.9283513800750048
2020-04-15,10500,0.1783552503514485,0.9582171187058118
2020-04-15,10750,0.01576566228763336,0.9938671622075155
2020-04-15,11300,0.2227281991809354,0.9562166772057603
2020-04-15,11450,0.015215783947970933,0.9935960677381297
2020-04-15,11500,0.019670681593454437,0.9916763744548884
2020-04-15,11520,0.09673716738562431,0.9818460180814079
2020-04-15,11570,0.10514175673906992,0.976926304835508
2020-04-15,12380,0.13366509687215855,0.9687153774980635
2020-04-15,12850,0.0377243446499741,0.9844162010279818
2020-04-15,12930,0.17595695472416972,0.9705301465439954
2020-04-15,14100,0.0,1.0
2020-04-15,14170,0.1864678130352072,0.9486544199593934
2020-04-15,14500,0.01671477750929756,0.994168179892353
2020-04-15,14700,0.0640323959575287,0.9733669657678982
2020-04-15,14900,0.03356840378319961,0.9874946129942231
2020-04-15,15350,0.07662969101575857,0.9704126667221844
2020-04-15,15950,0.2004093904644334,0.9350089720641721
2020-04-15,15990,0.107843125314305,0.9640913956080652
2020-04-15,16260,0.10775781106317905,0.9758325507026266
2020-04-15,16350,0.04435444889110612,0.9845689560962919
2020-04-15,16550,0.2419462887229682,0.9297953714917531
2020-04-15,16700,0.02026365644721345,0.9900208925358102
2020-04-15,17100,0.21176334168727573,0.9646250205764137
2020-04-15,17150,0.01602494943453361,0.9920852029041342
2020-04-15,17200,0.6912121810151274,0.8759924181328708
2020-04-15,18050,0.2922769892021119,0.9087167963188486
2020-04-15,18250,0.1003253721386189,0.9678748358629277
2020-04-15,18500,0.21764630965906737,0.9242000648517615
2020-04-16,10500,0.19264906979506582,0.9527121561499894
2020-04-16,10750,0.019380687955166172,0.9916436478500372
2020-04-16,11300,0.24516861245242746,0.9501935943545454
2020-04-16,11450,0.025942367956761362,0.9891738330142319
2020-04-16,11500,0.030763478188322396,0.9887219769954869
2020-04-16,11520,0.1086369750373057,0.978819519139476
2020-04-16,11570,0.11170201474825349,0.9728614164725983
2020-04-16,12380,0.16239419030247507,0.9606378393185819
2020-04-16,12850,0.049112972047092585,0.9791330399643868
2020-04-16,12930,0.19489360736762443,0.9659797503589874
2020-04-16,14100,0.0,1.0
2020-04-16,14170,0.19369443702326614,0.946385572570011
2020-04-16,14500,0.022219528684466534,0.9929639502932551
2020-04-16,14700,0.0915603928564818,0.9676575395492759
2020-04-16,14900,0.04559752474330758,0.9842842962449014
2020-04-16,15350,0.10627353623894947,0.9659515758188784
2020-04-16,15950,0.20453736020217356,0.9358513010186641
2020-04-16,15990,0.1243591867420505,0.9611118185709405
2020-04-16,16260,0.1355817912240916,0.9704825082687338
2020-04-16,16350,0.060783402230570466,0.979786670875168
2020-04-16,16550,0.25464909679670417,0.9221873170921976
2020-04-16,16700,0.04897002880088966,0.9850891878060833
2020-04-16,17100,0.22008090669168776,0.960821187239662
2020-04-16,17150,0.0390455342024283,0.9842062743713592
2020-04-16,17200,0.7447657690192737,0.8721347468360344
2020-04-16,18050,0.3080518974481307,0.9060107492878273
2020-04-16,18250,0.11254771695912894,0.9663810803398301
2020-04-16,18500,0.24254361738318853,0.9197560214118963
2020-04-17,10500,0.13796115514558083,0.9638483112555356
2020-04-17,10750,0.01597409335634231,0.9927010894829074
2020-04-17,11300,0.19951127894183768,0.9569854266843196
2020-04-17,11450,0.01423963735178616,0.9936970102205973
2020-04-17,11500,0.01900235666876809,0.9923130008627229
2020-04-17,11520,0.06883642130381368,0.9846561840183273
2020-04-17,11570,0.07889763698254053,0.978652768583004
2020-04-17,12380,0.10638940472447315,0.9690479217961463
2020-04-17,12850,0.04401759745588915,0.9812851250338787
2020-04-17,12930,0.13996744125116917,0.9716080076891556
2020-04-17,14100,0.0,1.0
2020-04-17,14170,0.16067504076496142,0.9534854048352123
2020-04-17,14500,0.02520164487179703,0.993270243850591
2020-04-17,14700,0.09817763805084616,0.9657331096326681
2020-04-17,14900,0.033247464878834176,0.987621788545607
2020-04-17,15350,0.09696370503373748,0.968931204759245
2020-04-17,15950,0.15674242986378967,0.9460899155096083
2020-04-17,15990,0.0877271603920421,0.9691403615501692
2020-04-17,16260,0.08713366164289196,0.9771393069662798
2020-04-17,16350,0.04346016953848435,0.984760431968385
2020-04-17,16550,0.20085859641490555,0.9364915722346149
2020-04-17,16700,0.024316856595395987,0.991964399493648
2020-04-17,17100,0.21011413453522523,0.9602201700446836
2020-04-17,17150,0.017632160168227745,0.9912915529326295
2020-04-17,17200,0.6867984009689451,0.8776888994804607
2020-04-17,18050,0.2723200281139219,0.9104260164518888
2020-04-17,18250,0.1238697943311241,0.964388123752006
2020-04-17,18500,0.216678604185861,0.9202485594362442
2020-04-18,10500,0.06673530879255515,0.9776384106760146
2020-04-18,10750,0.009977875355931724,0.9952180025934969
2020-04-18,11300,0.10307071365783768,0.9726551125365143
2020-04-18,11450,0.004785503005780303,0.9978789669803088
2020-04-18,11500,0.008913588117423573,0.9957176018226415
2020-04-18,11520,0.03295325432614041,0.988162944724422
2020-04-18,11570,0.04243355541264308,0.9840176987922642
2020-04-18,12380,0.06252896134196972,0.979496946235679
2020-04-18,12850,0.03318696793494231,0.9851545598843412
2020-04-18,12930,0.06914840580616448,0.9792017179167979
2020-04-18,14100,0.0,1.0
2020-04-18,14170,0.0628415423597372,0.9771804179521728
2020-04-18,14500,0.009265240659525014,0.9972731507596642
2020-04-18,14700,0.031112436128901685,0.9890821532980966
2020-04-18,14900,0.012404034257667867,0.994240305461375
2020-04-18,15350,0.040577336376876424,0.9800080135200104
2020-04-18,15950,0.06917403686120684,0.97223442990741
2020-04-18,15990,0.04088036501994986,0.9835625689978396
2020-04-18,16260,0.04372452895785235,0.9866686442108539
2020-04-18,16350,0.020946324841001642,0.9924688561561901
2020-04-18,16550,0.09172295026836351,0.9646168492038039
2020-04-18,16700,0.008744181325371378,0.9958118433417399
2020-04-18,17100,0.09037578088984577,0.9791480333061152
2020-04-18,17150,0.005947818085692874,0.9970622389898336
2020-04-18,17200,0.26142675232638823,0.9367269783066038
2020-04-18,18050,0.17834782067767863,0.929881650248487
2020-04-18,18250,0.04195057368938896,0.9848353008619952
2020-04-18,18500,0.13387662025821193,0.9461538037250892
2020-04-19,10500,0.10446790101515017,0.977152003095205
2020-04-19,10750,0.006976712045980911,0.9965649090212099
2020-04-19,11300,0.13598313575461432,0.9682324116759439
2020-04-19,11450,0.0025398844032787234,0.9989367758252707
2020-04-19,11500,0.006788443655927231,0.9966459066279384
2020-04-19,11520,0.052258451907549235,0.9865715267921387
2020-04-19,11570,0.05414057058688955,0.9850825206463931
2020-04-19,12380,0.06588973741236175,0.979430564246336
2020-04-19,12850,0.03189863360901353,0.9858308035299078
2020-04-19,12930,0.09573375760406912,0.9805114167255973
2020-04-19,14100,0.0,1.0
2020-04-19,14170,0.07213930947580195,0.9778033859328374
2020-04-19,14500,0.009849919173855541,0.9967374603154189
2020-04-19,14700,0.03250124754721371,0.98670986374444
2020-04-19,14900,0.014525383428983482,0.9934575477084737
2020-04-19,15350,0.0342338625752521,0.9846067199209917
2020-04-19,15950,0.06731763385223373,0.975820560148597
2020-04-19,15990,0.04996761499020207,0.9836545426065438
2020-04-19,16260,0.05437503057394168,0.9878548233714063
2020-04-19,16350,0.016165837651268344,0.9940370841581863
2020-04-19,16550,0.12023279677821269,0.9613551747283446
2020-04-19,16700,0.008961615520956532,0.9959609843897346
2020-04-19,17100,0.13147994310824007,0.9742474043664383
2020-04-19,17150,0.011467750747971397,0.9972558192340415
2020-04-19,17200,0.18637711546053226,0.947111571877193
2020-04-19,18050,0.15912503195040237,0.9439486855785176
2020-04-19,18250,0.05290302326498909,0.9848708018208575
2020-04-19,18500,0.09608769352189012,0.9592766302956769
2020-04-20,10500,0.1595554865788794,0.9683238747638307
2020-04-20,10750,0.011349860468121765,0.994682400406519
2020-04-20,11300,0.2185743230090073,0.9549540222923593
2020-04-20,11450,0.007493049576251304,0.9967865891260889
2020-04-20,11500,0.013630443356792997,0.9935174621603379
2020-04-20,11520,0.07983259213519732,0.9841298115562006
2020-04-20,11570,0.10217112519353859,0.9799368065913376
2020-04-20,12380,0.11226273947921538,0.9738837763579522
2020-04-20,12850,0.03277898732511954,0.9858040626103348
2020-04-20,12930,0.1758689526967529,0.9707205628614703
2020-04-20,14100,0.0,1.0
2020-04-20,14170,0.14916568667954544,0.9610697743670336
2020-04-20,14500,0.016445064350736022,0.9950488259993192
2020-04-20,14700,0.05496467985697833,0.9781756162359203
2020-04-20,14900,0.03377820640624186,0.9872511343939313
2020-04-20,15350,0.0652129194265922,0.9743331141737779
2020-04-20,15950,0.20344735111560142,0.9393794890520639
2020-04-20,15990,0.08096912646085237,0.9708519764564171
2020-04-20,16260,0.08786329183133065,0.9794130525976935
2020-04-20,16350,0.03983601485697815,0.9861465898017187
2020-04-20,16550,0.16591405300378326,0.9511294925388559
2020-04-20,16700,0.015325053506702482,0.9928136756898642
2020-04-20,17100,0.20505994255242316,0.9646013790630797
2020-04-20,17150,0.0053003926131302516,0.9973822029482424
2020-04-20,17200,0.64303595700297,0.8826313390567534
2020-04-20,18050,0.26535673733347637,0.9178229011548897
2020-04-20,18250,0.09853205875937915,0.9716372841327366
2020-04-20,18500,0.1777650257214013,0.9344729243967483
2020-04-21,10500,0.18670915332359894,0.957884324313184
2020-04-21,10750,0.014521882257375225,0.9935088423703894
2020-04-21,11300,0.24806382564950064,0.9465851531112222
2020-04-21,11450,0.018785890149112226,0.9920277715776854
2020-04-21,11500,0.02171281967154554,0.9907694732633008
2020-04-21,11520,0.07839254345342213,0.9834344954474081
2020-04-21,11570,0.11933639102613942,0.9745413678033413
2020-04-21,12380,0.1354290442606075,0.966808732157454
2020-04-21,12850,0.04298428417565219,0.9820614839737493
2020-04-21,12930,0.1924732152172092,0.9671997513433168
2020-04-21,14100,0.0,1.0
2020-04-21,14170,0.19926629956351866,0.9455283103653624
2020-04-21,14500,0.02268707594475124,0.9941711208367412
2020-04-21,14700,0.0763542980652583,0.9696025332582445
2020-04-21,14900,0.040032549781077335,0.9856217823539373
2020-04-21,15350,0.08728681273336023,0.9685548583599697
2020-04-21,15950,0.24477929325231673,0.9335241267689912
2020-04-21,15990,0.10441880707487401,0.9652230182866897
2020-04-21,16260,0.1129392749117271,0.9746801049080235
2020-04-21,16350,0.05384370048186759,0.9814651386524001
2020-04-21,16550,0.23825885581623463,0.9286085935113911
2020-04-21,16700,0.0383458225148912,0.9907197881638461
2020-04-21,17100,0.21150163776093303,0.9607244502662571
2020-04-21,17150,0.03587226215317097,0.9867743329086879
2020-04-21,17200,0.7432871178811798,0.8690117993909443
2020-04-21,18050,0.2943394949180311,0.9078504267460923
2020-04-21,18250,0.1276316290000875,0.9644059142496635
2020-04-21,18500,0.23568714097885332,0.9180255041753757
2020-04-22,10500,0.20339462029681407,0.9523593351881063
2020-04-22,10750,0.016387022972858184,0.9926233219975623
2020-04-22,11300,0.26402219374596275,0.9456599382027588
2020-04-22,11450,0.018106688437990907,0.9926545706981844
2020-04-22,11500,0.021735237480187648,0.9906816607154809
2020-04-22,11520,0.11121082913803004,0.977825551457767
2020-04-22,11570,0.11183086179303434,0.9761435179231962
2020-04-22,12380,0.12709793846411094,0.967001160561305
2020-04-22,12850,0.04582717311195102,0.9809647060357596
2020-04-22,12930,0.18918542836389837,0.9668086410619697
2020-04-22,14100,0.0,1.0
2020-04-22,14170,0.1880336002437413,0.948430136570481
2020-04-22,14500,0.01780083972524586,0.9942057139745172
2020-04-22,14700,0.07581829525005623,0.9730617366347515
2020-04-22,14900,0.030570385311035033,0.9880742364357308
2020-04-22,15350,0.1011560543896824,0.9670908306022019
2020-04-22,15950,0.22403353088480898,0.9307013236776073
2020-04-22,15990,0.11233026488506759,0.9639366947165535
2020-04-22,16260,0.10125464312350907,0.9747142304038516
2020-04-22,16350,0.04949414815492299,0.9831164138091127
2020-04-22,16550,0.2541797100945093,0.9240317630275089
2020-04-22,16700,0.0301506122796458,0.9890323608836196
2020-04-22,17100,0.22221540338275447,0.9591260696127873
2020-04-22,17150,0.01944437368090075,0.9907124519927824
2020-04-22,17200,0.7155087934621782,0.8702111409746449
2020-04-22,18050,0.305736735315013,0.9040046567970412
2020-04-22,18250,0.12016311771297249,0.9641559734209306
2020-04-22,18500,0.22871716286136434,0.9188488433372312
2020-04-23,10500,0.20906075921175205,0.9503479243060057
2020-04-23,10750,0.01990173473423686,0.9911402797598089
2020-04-23,11300,0.2490876714246782,0.9477013905490977
2020-04-23,11450,0.027757317262249087,0.9885320388107202
2020-04-23,11500,0.03375654566125013,0.9870199142282673
2020-04-23,11520,0.07787500660428269,0.9799285520073647
2020-04-23,11570,0.1268298706324439,0.9708266254620178
2020-04-23,12380,0.13581157766077584,0.9632599904291971
2020-04-23,12850,0.04855548948613952,0.9789612537899577
2020-04-23,12930,0.21479852927983376,0.9632118972984235
2020-04-23,14100,0.0,1.0
2020-04-23,14170,0.21558554510196848,0.9408846988986297
2020-04-23,14500,0.03194635396798818,0.9917565798383409
2020-04-23,14700,0.1046807716482623,0.9645290824102951
2020-04-23,14900,0.03998135946699293,0.985933137903607
2020-04-23,15350,0.10824341646551221,0.9636145744789992
2020-04-23,15950,0.22287546464839172,0.9293391622465483
2020-04-23,15990,0.12486764795323017,0.9582113056609913
2020-04-23,16260,0.13131963981919126,0.9691476502990242
2020-04-23,16350,0.07383073647164025,0.9764961739598795
2020-04-23,16550,0.28876430670364805,0.9139779533021928
2020-04-23,16700,0.03264258503726511,0.9878249356562703
2020-04-23,17100,0.24270197791368686,0.956825399321539
2020-04-23,17150,0.03310846946133731,0.983962640960434
2020-04-23,17200,0.762799253010941,0.8650519773162499
2020-04-23,18050,0.35082415054463023,0.8908358229216413
2020-04-23,18250,0.1266343260742136,0.9628173715050165
2020-04-23,18500,0.2643383780804827,0.9131080814059717
2020-04-24,10500,0.13532561125573686,0.9624805565031538
2020-04-24,10750,0.015047495811749644,0.9931099287711448
2020-04-24,11300,0.2175421875797685,0.9555225972292601
2020-04-24,11450,0.014529360158355048,0.9936935643182427
2020-04-24,11500,0.014465380768221686,0.9941917759250697
2020-04-24,11520,0.08416466177407185,0.9824280390793471
2020-04-24,11570,0.07374387650637369,0.9801670326385181
2020-04-24,12380,0.09922318996049145,0.9711915213097836
2020-04-24,12850,0.04493966494995945,0.980965279451889
2020-04-24,12930,0.13670679471234082,0.9700769217709074
2020-04-24,14100,0.0,1.0
2020-04-24,14170,0.15946604478573917,0.953785169434703
2020-04-24,14500,0.024354175602065826,0.9935876786020311
2020-04-24,14700,0.08247365002311713,0.9722932966771836
2020-04-24,14900,0.034695625498586576,0.9871158153246024
2020-04-24,15350,0.11001490069323942,0.9674531040827647
2020-04-24,15950,0.16123606681796926,0.9486510996097564
2020-04-24,15990,0.09821767316927206,0.9667657304690999
2020-04-24,16260,0.09097075879385991,0.9755200321959264
2020-04-24,16350,0.04485969848679053,0.9845905977974293
2020-04-24,16550,0.2121740940373489,0.9323247018557158
2020-04-24,16700,0.01404113684260881,0.993207587183449
2020-04-24,17100,0.18070304131880008,0.9634962326676926
2020-04-24,17150,0.02313703288921425,0.9890321612147507
2020-04-24,17200,0.6833590184801338,0.8768529088164032
2020-04-24,18050,0.2829138087337749,0.9048692086244325
2020-04-24,18250,0.11564362137352398,0.9668321488861943
2020-04-24,18500,0.20989840346781521,0.9216117873144983
2020-04-25,10500,0.06951447946820087,0.9765082232340883
2020-04-25,10750,0.007455652824939988,0.9963783319101438
2020-04-25,11300,0.104175111370057,0.9721329420352018
2020-04-25,11450,0.003223256353542853,0.9985901981166265
2020-04-25,11500,0.006480414652479575,0.9969284944368565
2020-04-25,11520,0.04305651665362496,0.98699848325309
2020-04-25,11570,0.04133624301792421,0.9843757167074955
2020-04-25,12380,0.05122757756836222,0.9811766425228469
2020-04-25,12850,0.036446862705633416,0.9843740960485208
2020-04-25,12930,0.06359190841321748,0.9790621209173147
2020-04-25,14100,0.0,1.0
2020-04-25,14170,0.06642364409893535,0.9758403153869439
2020-04-25,14500,0.008634963186113172,0.9972284323570322
2020-04-25,14700,0.033739118731650336,0.9886279186500225
2020-04-25,14900,0.011594947269116605,0.9946491796117489
2020-04-25,15350,0.05762197103591855,0.9784003762563885
2020-04-25,15950,0.06176548216615538,0.9752294520836378
2020-04-25,15990,0.0396133816185457,0.9839570832337071
2020-04-25,16260,0.03703773266344078,0.9876571281825745
2020-04-25,16350,0.010976212837887703,0.9957698183088377
2020-04-25,16550,0.09302805908387318,0.9641228214195726
2020-04-25,16700,0.005573810997305644,0.997396106933222
2020-04-25,17100,0.08455868353103886,0.9801045244234474
2020-04-25,17150,0.004615904621241145,0.9977201173733632
2020-04-25,17200,0.21305890513079415,0.9429900721663665
2020-04-25,18050,0.191630920798549,0.925645497502799
2020-04-25,18250,0.03989384493529985,0.9853874921268938
2020-04-25,18500,0.13272810287016398,0.9447802902906987
2020-04-26,10500,0.0889883543781572,0.9791996957676855
2020-04-26,10750,0.00866274885846081,0.9958050345666795
2020-04-26,11300,0.12017492523593128,0.9714044586485032
2020-04-26,11450,0.0014008210086219922,0.9993079942245124
2020-04-26,11500,0.0041337674921806235,0.9979575293382916
2020-04-26,11520,0.0546082683433315,0.9878003329036891
2020-04-26,11570,0.04704656332426241,0.9856511781544031
2020-04-26,12380,0.05674374510119066,0.9804486026345608
2020-04-26,12850,0.03286097522653827,0.9851462354972302
2020-04-26,12930,0.08765642717804849,0.980363815265937
2020-04-26,14100,0.0,1.0
2020-04-26,14170,0.07360113945457383,0.976741225652458
2020-04-26,14500,0.012787008520048939,0.9964434004936018
2020-04-26,14700,0.02891550504488338,0.9869626311744557
2020-04-26,14900,0.012454057602344139,0.9944541376237485
2020-04-26,15350,0.03596901921456537,0.9835353755462934
2020-04-26,15950,0.06463293432500851,0.9762879027652536
2020-04-26,15990,0.04181688886884769,0.9843067296251097
2020-04-26,16260,0.04290346064861805,0.9876108168261587
2020-04-26,16350,0.018505435488896986,0.9932738923121538
2020-04-26,16550,0.1054101883726379,0.9657530289399652
2020-04-26,16700,0.007211727573770349,0.9964489510327423
2020-04-26,17100,0.09411057530790304,0.9804799372908335
2020-04-26,17150,0.006861120360795638,0.9966112019748168
2020-04-26,17200,0.18993806407395578,0.9466626359838505
2020-04-26,18050,0.18566392176729854,0.9359226153483027
2020-04-26,18250,0.050906095676476616,0.9838573091940591
2020-04-26,18500,0.09551784607802126,0.961367106650917
2020-04-27,10500,0.13521078787749052,0.9712032327055975
2020-04-27,10750,0.011926720055070514,0.9943075141823235
2020-04-27,11300,0.2244188477962101,0.9556742632286558
2020-04-27,11450,0.006912576802095236,0.9971161607815583
2020-04-27,11500,0.013596386103142073,0.9935817299860237
2020-04-27,11520,0.07973093670020276,0.9830553096724052
2020-04-27,11570,0.08711647197561001,0.9807109498374993
2020-04-27,12380,0.09349466605488309,0.9765073293089576
2020-04-27,12850,0.03603743881362554,0.9849919908480259
2020-04-27,12930,0.14716078236257465,0.9719872587373931
2020-04-27,14100,0.0,1.0
2020-04-27,14170,0.1412362383459458,0.9616975776234133
2020-04-27,14500,0.02033751833554171,0.9944465352709108
2020-04-27,14700,0.05389890894352661,0.9781181568407888
2020-04-27,14900,0.031821253281054,0.9884138257401003
2020-04-27,15350,0.08206863745585904,0.9739175649693951
2020-04-27,15950,0.18481835145110687,0.9417864887626979
2020-04-27,15990,0.09283321815232322,0.9694674814696547
2020-04-27,16260,0.08158391574103692,0.9810269122445976
2020-04-27,16350,0.04269468815091907,0.9852628095288571
2020-04-27,16550,0.1835841603249951,0.9449193179383769
2020-04-27,16700,0.03686782847531094,0.989291404237962
2020-04-27,17100,0.17023930156169353,0.9708136091390112
2020-04-27,17150,0.004758698639258811,0.9976497423665742
2020-04-27,17200,0.6029627666257821,0.884786077061272
2020-04-27,18050,0.2586058827525981,0.9192451799130179
2020-04-27,18250,0.10388043400129822,0.9712265077243641
2020-04-27,18500,0.18342803362928933,0.931193061669757
2020-04-28,10500,0.18949980113205353,0.9579944561990597
2020-04-28,10750,0.015015220319144462,0.9934046043796848
2020-04-28,11300,0.2712581613193244,0.9449048402825224
2020-04-28,11450,0.0176780987195048,0.9931452395450715
2020-04-28,11500,0.02151218198768577,0.991100475764295
2020-04-28,11520,0.07066317400492085,0.981433527837244
2020-04-28,11570,0.10509001954909396,0.9743758848081967
2020-04-28,12380,0.13872971640919388,0.9650514790324225
2020-04-28,12850,0.04782080719705988,0.9804535193389103
2020-04-28,12930,0.21863821583280255,0.964665846823946
2020-04-28,14100,0.0,1.0
2020-04-28,14170,0.20369868848500156,0.9436088591568594
2020-04-28,14500,0.024033031867546767,0.9934626749033253
2020-04-28,14700,0.10165288540823286,0.9681852660856691
2020-04-28,14900,0.04830108374638123,0.9842809636583169
2020-04-28,15350,0.11878663508588103,0.9629083705183327
2020-04-28,15950,0.2532011654252889,0.9300052245358837
2020-04-28,15990,0.11988019500061155,0.9621535632729781
2020-04-28,16260,0.11433988325452873,0.974768669248343
2020-04-28,16350,0.057781509650266176,0.9804985525762435
2020-04-28,16550,0.2565341893402344,0.9249984514299702
2020-04-28,16700,0.04331285675611872,0.9887790319792887
2020-04-28,17100,0.2078254590603847,0.9585228020365459
2020-04-28,17150,0.03271133575531876,0.9877036512632242
2020-04-28,17200,0.7518898396058021,0.8668822764966246
2020-04-28,18050,0.3209362682036657,0.9023029561850039
2020-04-28,18250,0.12727332113936862,0.9642299776574722
2020-04-28,18500,0.23359443412202047,0.9184297089608224
2020-04-29,10500,0.21576631681416972,0.9513686152048993
2020-04-29,10750,0.016130364399087604,0.9925506336002253
2020-04-29,11300,0.2735513153781477,0.9449930277359411
2020-04-29,11450,0.020012761742978766,0.9918008741157277
2020-04-29,11500,0.025460828931768476,0.9893624281902528
2020-04-29,11520,0.09479897470141602,0.9810777266401568
2020-04-29,11570,0.11751156188829918,0.9752543904961309
2020-04-29,12380,0.13523783465682876,0.9678069886264627
2020-04-29,12850,0.04447622112337655,0.9815707895160307
2020-04-29,12930,0.19849873330452808,0.9659587855351637
2020-04-29,14100,0.0,1.0
2020-04-29,14170,0.20549214174827157,0.9466277425547847
2020-04-29,14500,0.02551886145935311,0.992706086330077
2020-04-29,14700,0.07732020697005255,0.9688231408681415
2020-04-29,14900,0.03605474454409707,0.986325305834347
2020-04-29,15350,0.07518520731405953,0.9710171448122014
2020-04-29,15950,0.23283493627926824,0.9304445958135688
2020-04-29,15990,0.12124062853345434,0.9598139154063211
2020-04-29,16260,0.12651953905456784,0.9721171463838578
2020-04-29,16350,0.05236646866767453,0.981712027023617
2020-04-29,16550,0.2524965038820158,0.924463092745162
2020-04-29,16700,0.028195114001712047,0.9898281852186883
2020-04-29,17100,0.24418603037728998,0.9600821881746546
2020-04-29,17150,0.027365641281777087,0.989765397558582
2020-04-29,17200,0.7811507511299933,0.8627079521627852
2020-04-29,18050,0.3159659462741949,0.9018123124891811
2020-04-29,18250,0.1303650521968207,0.9614617321956511
2020-04-29,18500,0.22856598628694585,0.9180777877570646
2020-04-30,10500,0.20925814034250326,0.9506037345948042
2020-04-30,10750,0.021932757838797758,0.9903120137484639
2020-04-30,11300,0.2875015702153802,0.9463540451019866
2020-04-30,11450,0.03144928037599645,0.9868095300165054
2020-04-30,11500,0.036773406350750125,0.985716402873541
2020-04-30,11520,0.09134701378535104,0.9806963975936279
2020-04-30,11570,0.1082073904428179,0.975070311118977
2020-04-30,12380,0.13931087971621303,0.9651192101687083
2020-04-30,12850,0.04575822949032089,0.9808122047956699
2020-04-30,12930,0.20920504782831129,0.9613351856198846
2020-04-30,14100,0.0,1.0
2020-04-30,14170,0.20947071217348018,0.9433678666072881
2020-04-30,14500,0.024322398546542896,0.9933611048143708
2020-04-30,14700,0.09518652937584064,0.9673105709363542
2020-04-30,14900,0.03984601951761531,0.9861766869805674
2020-04-30,15350,0.09337488675933846,0.9639217807493986
2020-04-30,15950,0.23720613767573834,0.9267314333646903
2020-04-30,15990,0.1353247338480784,0.9590369165273129
2020-04-30,16260,0.13110118538842863,0.9700604742061186
2020-04-30,16350,0.06632369502402048,0.9771710251768778
2020-04-30,16550,0.2935091620673806,0.9171914365353527
2020-04-30,16700,0.03327029100937206,0.9889700070614839
2020-04-30,17100,0.23444939409677126,0.958363236236451
2020-04-30,17150,0.03228443984002031,0.9845946042916742
2020-04-30,17200,0.7734880660130729,0.8656843035394569
2020-04-30,18050,0.3574767377246955,0.8973269184820636
2020-04-30,18250,0.12585064656510106,0.9645608626457366
2020-04-30,18500,0.2552687296500515,0.9153221473710181
2020-05-01,10500,0.15852459454059012,0.9575932707705762
2020-05-01,10750,0.01780280059035481,0.9919102044226876
2020-05-01,11300,0.2209207974603356,0.9525493628985789
2020-05-01,11450,0.017719852377133354,0.992418824828011
2020-05-01,11500,0.020856909249762277,0.9915662540723327
2020-05-01,11520,0.09419015227345082,0.9806562422756732
2020-05-01,11570,0.09813332927553382,0.9765812408076732
2020-05-01,12380,0.11696530935961433,0.9671227305355105
2020-05-01,12850,0.05094817643861131,0.9787000182999421
2020-05-01,12930,0.15131622538865638,0.9666622594211404
2020-05-01,14100,0.0,1.0
2020-05-01,14170,0.20400904743243387,0.9422197490696382
2020-05-01,14500,0.029811640803212358,0.9921713253150456
2020-05-01,14700,0.11162495367230385,0.9633190798969904
2020-05-01,14900,0.04270719027665258,0.9841081894920883
2020-05-01,15350,0.13396727582183135,0.9628234348779341
2020-05-01,15950,0.20966448131072532,0.9301711443932353
2020-05-01,15990,0.11610922892606831,0.95967202974527
2020-05-01,16260,0.11683524974412787,0.9729681755364299
2020-05-01,16350,0.05414472040796507,0.9811517219791296
2020-05-01,16550,0.22688252794714645,0.9253850794933168
2020-05-01,16700,0.015841111334527914,0.9928725751705191
2020-05-01,17100,0.20982952994642806,0.9583379644704562
2020-05-01,17150,0.024661433129812428,0.9882136102249693
2020-05-01,17200,0.7845389705582552,0.8589491232161445
2020-05-01,18050,0.3359705452571397,0.8899587518556307
2020-05-01,18250,0.14007060850481873,0.9584850982897243
2020-05-01,18500,0.2552215647264066,0.9068367364523778
2020-05-02,10500,0.09141231995467032,0.9715580604704042
2020-05-02,10750,0.012332107740567609,0.9940822054578786
2020-05-02,11300,0.13625827475836988,0.9650081164010677
2020-05-02,11450,0.005597067043174835,0.9975763737159239
2020-05-02,11500,0.009691583765196864,0.9953291193704179
2020-05-02,11520,0.05020170608705699,0.9854420785162401
2020-05-02,11570,0.052696257730942664,0.9815412770390505
2020-05-02,12380,0.07511510441471612,0.976455548494219
2020-05-02,12850,0.04382027589228485,0.9811847277345983
2020-05-02,12930,0.07501428498876737,0.9758056486950533
2020-05-02,14100,0.0,1.0
2020-05-02,14170,0.09114058195215578,0.9702098377218773
2020-05-02,14500,0.019095979504393425,0.9948205301620111
2020-05-02,14700,0.02765856602474824,0.9884428947587055
2020-05-02,14900,0.018296617873489577,0.9915998457636442
2020-05-02,15350,0.07162028936549505,0.9722966006267503
2020-05-02,15950,0.07697548695835152,0.9701269029613799
2020-05-02,15990,0.055371576040082526,0.9777812319402089
2020-05-02,16260,0.05114137028724209,0.9844054918757392
2020-05-02,16350,0.023960361782468208,0.9911366774592398
2020-05-02,16550,0.11984350468443589,0.9552804278022098
2020-05-02,16700,0.012566880969169109,0.9938112227165053
2020-05-02,17100,0.11702128027605943,0.974278692529033
2020-05-02,17150,0.006691559939840393,0.9966948921056227
2020-05-02,17200,0.35182544773462887,0.9178210609949631
2020-05-02,18050,0.253573900350312,0.9056919507725635
2020-05-02,18250,0.07174729875561814,0.9789287961963935
2020-05-02,18500,0.18189875298840782,0.9295676277940269
2020-05-03,10500,0.12652455597856818,0.9711880244727367
2020-05-03,10750,0.009689559724256369,0.9953032579858934
2020-05-03,11300,0.17256730990676925,0.960808672889292
2020-05-03,11450,0.004235725770577723,0.9981910643738926
2020-05-03,11500,0.007470928749280521,0.9963085398711795
2020-05-03,11520,0.05766022019436656,0.985841960191618
2020-05-03,11570,0.0661755501069672,0.9823894700431384
2020-05-03,12380,0.08665722876531147,0.9758195316823645
2020-05-03,12850,0.038988801355850346,0.9827909209282377
2020-05-03,12930,0.12927542663607539,0.9733611852418816
2020-05-03,14100,0.0,1.0
2020-05-03,14170,0.10091810693616794,0.9707986875214848
2020-05-03,14500,0.013240910295086571,0.9961647395147427
2020-05-03,14700,0.03139674112330454,0.9865239670104677
2020-05-03,14900,0.017261069858702863,0.9922385809889989
2020-05-03,15350,0.05038488472560837,0.976969124396358
2020-05-03,15950,0.07657905140229461,0.9703591760419442
2020-05-03,15990,0.06433296996692883,0.9786116498979213
2020-05-03,16260,0.05635752902198812,0.9863286182608272
2020-05-03,16350,0.019212814364616745,0.9931476235999682
2020-05-03,16550,0.1410344156913147,0.9550477645223211
2020-05-03,16700,0.008947455857393061,0.9960042051892781
2020-05-03,17100,0.13744947613816186,0.9712329394542327
2020-05-03,17150,0.01659517091418024,0.9949130919312145
2020-05-03,17200,0.24712037936087985,0.9351367961890823
2020-05-03,18050,0.2303607906614045,0.9220725684687147
2020-05-03,18250,0.06113358189303706,0.9808908538849963
2020-05-03,18500,0.1118734322362691,0.9557555529993849
2020-05-04,10500,0.17574472072276134,0.9643950793351802
2020-05-04,10750,0.015149404040423095,0.9929542854168197
2020-05-04,11300,0.2446178258580655,0.9500552707719363
2020-05-04,11450,0.010797624064965518,0.9951561629842154
2020-05-04,11500,0.016435164048214684,0.9921400197125504
2020-05-04,11520,0.09440218750662509,0.9820610736081327
2020-05-04,11570,0.113305780720994,0.9782107022264626
2020-05-04,12380,0.11452279242239713,0.9714928903297511
2020-05-04,12850,0.04000949388368781,0.9830006193909123
2020-05-04,12930,0.20260280326227503,0.9660377943250464
2020-05-04,14100,0.0,1.0
2020-05-04,14170,0.17847569494406196,0.9545589403740358
2020-05-04,14500,0.023525174960925044,0.9941403147286283
2020-05-04,14700,0.10332357345065857,0.9677161715474281
2020-05-04,14900,0.033991353310628726,0.9872995725512386
2020-05-04,15350,0.11169547092430039,0.9653759835751723
2020-05-04,15950,0.21878478866483755,0.9320031829896535
2020-05-04,15990,0.10605217196854373,0.9654275921437543
2020-05-04,16260,0.1341557427280314,0.9753053699814666
2020-05-04,16350,0.0478680235308458,0.9837207567839941
2020-05-04,16550,0.1981001093177868,0.9408862866151474
2020-05-04,16700,0.04123694558350148,0.9891428700202098
2020-05-04,17100,0.21424443969059054,0.9619193228431491
2020-05-04,17150,0.006780750390229679,0.9966510648589118
2020-05-04,17200,0.7849345198717024,0.8662141295288707
2020-05-04,18050,0.30085933354114697,0.9079327900577477
2020-05-04,18250,0.12534703520524745,0.9663443292886312
2020-05-04,18500,0.2164802992646546,0.9224595378813587
2020-05-05,10500,0.2059081880672686,0.9520544869931016
2020-05-05,10750,0.01733803701404499,0.992256805476333
2020-05-05,11300,0.3088878735699442,0.938052912082894
2020-05-05,11450,0.023294118747005044,0.990668664328385
2020-05-05,11500,0.026452422383562622,0.9890079396944282
2020-05-05,11520,0.10306388841880432,0.9789418779017639
2020-05-05,11570,0.13401939564514215,0.9708628705204205
2020-05-05,12380,0.13796678351788877,0.9641279392576417
2020-05-05,12850,0.05758640454708796,0.97613987395372
2020-05-05,12930,0.2258125661266737,0.9617133077337422
2020-05-05,14100,0.0011236410428766758,0.9998892454764414
2020-05-05,14170,0.2212339859556593,0.9392584339815313
2020-05-05,14500,0.02939775767940549,0.9921691289881177
2020-05-05,14700,0.12609634152010815,0.9609364095880893
2020-05-05,14900,0.05640740419119001,0.98139465422625
2020-05-05,15350,0.08549865762264301,0.9675700016640638
2020-05-05,15950,0.2920679722629429,0.9193777653935755
2020-05-05,15990,0.12780513668638868,0.9586959967394867
2020-05-05,16260,0.13441530222713113,0.970176957170612
2020-05-05,16350,0.05936589500037654,0.9789997265633756
2020-05-05,16550,0.26799463491847836,0.9184611258068816
2020-05-05,16700,0.03340005979022743,0.9886439546827672
2020-05-05,17100,0.2653867523121594,0.9533710655865029
2020-05-05,17150,0.029653060288399473,0.9859604692367752
2020-05-05,17200,0.8512030379684359,0.8514478271691673
2020-05-05,18050,0.3341710568206972,0.8978906847673693
2020-05-05,18250,0.15438849206235766,0.9581362073241957
2020-05-05,18500,0.2566755716387409,0.9106508450681271
2020-05-06,10500,0.21667548636332915,0.9495006545687018
2020-05-06,10750,0.01670777596108257,0.9924619225680679
2020-05-06,11300,0.2753713320773449,0.9456315424446601
2020-05-06,11450,0.02003497208262902,0.9915017937927988
2020-05-06,11500,0.027790577690970278,0.9888275713874947
2020-05-06,11520,0.08544937746743006,0.9818134516938098
2020-05-06,11570,0.12696375203249952,0.971636683122303
2020-05-06,12380,0.1371671516961665,0.9640559223594493
2020-05-06,12850,0.04986963164710483,0.979518547608713
2020-05-06,12930,0.21934043908880488,0.9629313719416547
2020-05-06,14100,0.0,1.0
2020-05-06,14170,0.23269518329979946,0.9380834743678566
2020-05-06,14500,0.025380282323586786,0.9926138400876044
2020-05-06,14700,0.11066698311019596,0.9633372329173636
2020-05-06,14900,0.04155247417779567,0.9844583616993197
2020-05-06,15350,0.13214692295591315,0.9580832162327722
2020-05-06,15950,0.27550508602589474,0.915845428745717
2020-05-06,15990,0.14357644902341155,0.9561229928841827
2020-05-06,16260,0.1243738638296167,0.9715100179066105
2020-05-06,16350,0.05628822848533214,0.980556690902412
2020-05-06,16550,0.272285706276107,0.9170374076063794
2020-05-06,16700,0.04063953423545447,0.9883943504783679
2020-05-06,17100,0.24874771850203523,0.959301869762272
2020-05-06,17150,0.024734343644941172,0.9881914184515023
2020-05-06,17200,0.8653714418466717,0.8456331428379136
2020-05-06,18050,0.3583105875048076,0.8887586364640659
2020-05-06,18250,0.15042358238633977,0.9564935234369643
2020-05-06,18500,0.28950595369041937,0.8989911894173066
2020-05-07,10500,0.24818243869608442,0.9416638350512258
2020-05-07,10750,0.02612114188702002,0.9896893445959907
2020-05-07,11300,0.3122809136340709,0.9416152883632161
2020-05-07,11450,0.04004158548349058,0.9831870935368975
2020-05-07,11500,0.032922859750099495,0.9868855845861658
2020-05-07,11520,0.11216071412297333,0.9767930121661381
2020-05-07,11570,0.14660166097796784,0.9673409973840666
2020-05-07,12380,0.18107693189259905,0.9573031923593975
2020-05-07,12850,0.05681760270451424,0.976305771213462
2020-05-07,12930,0.2666542183917425,0.9549831222022106
2020-05-07,14100,0.0014276639957582634,0.9992966938629612
2020-05-07,14170,0.2559328391875743,0.9334784451526178
2020-05-07,14500,0.03229880332706637,0.9911282562753528
2020-05-07,14700,0.12958615411131486,0.9549887346173082
2020-05-07,14900,0.06164508362291884,0.9815222433670653
2020-05-07,15350,0.1728823411390731,0.9502722861714337
2020-05-07,15950,0.2706607915813456,0.919412789123828
2020-05-07,15990,0.14777117597418785,0.9522696981395408
2020-05-07,16260,0.15131411147618254,0.9655345433774717
2020-05-07,16350,0.08718031464635531,0.9720434222848653
2020-05-07,16550,0.32999971195568933,0.9013870504309045
2020-05-07,16700,0.02596613782490035,0.9884512458481977
2020-05-07,17100,0.27228374149062473,0.9524173998773089
2020-05-07,17150,0.03710135874446487,0.9823228460548442
2020-05-07,17200,0.9154752019548056,0.840863907678815
2020-05-07,18050,0.42058053413353097,0.8718542740013824
2020-05-07,18250,0.16605508035525446,0.9545714822364896
2020-05-07,18500,0.3060683208315884,0.8997872143486465
2020-05-08,10500,0.16983772522366136,0.9546487962378687
2020-05-08,10750,0.017886528023233744,0.9916604642779564
2020-05-08,11300,0.28117755558631274,0.9436858123306975
2020-05-08,11450,0.017235568797579,0.9928159608240247
2020-05-08,11500,0.023779131329323865,0.9901881082102356
2020-05-08,11520,0.087512084560748,0.9810809244189473
2020-05-08,11570,0.09799555539462022,0.9742418579596847
2020-05-08,12380,0.13815191976855917,0.9644429648531376
2020-05-08,12850,0.055027412588708816,0.9767852780889175
2020-05-08,12930,0.17669890064874247,0.9622804439895083
2020-05-08,14100,0.0,1.0
2020-05-08,14170,0.2187418800924776,0.9369888523727631
2020-05-08,14500,0.029086893841675024,0.9916562702694216
2020-05-08,14700,0.12520939025938768,0.9594057664984439
2020-05-08,14900,0.041402534953584993,0.9850092311663565
2020-05-08,15350,0.1473689809091303,0.9560516269628324
2020-05-08,15950,0.24091121913169042,0.9231214610431684
2020-05-08,15990,0.12746116592454684,0.9587782414505844
2020-05-08,16260,0.12811043294076038,0.9713400210561763
2020-05-08,16350,0.05640943504225875,0.9799572932543241
2020-05-08,16550,0.2519541631511056,0.9155602472198904
2020-05-08,16700,0.027897691931321775,0.9909112037859423
2020-05-08,17100,0.23878848777490183,0.9550708882516973
2020-05-08,17150,0.029064990980967615,0.9861758858144374
2020-05-08,17200,0.8621310588791512,0.8465994807102665
2020-05-08,18050,0.3957478760890563,0.871470015048895
2020-05-08,18250,0.1626711444695524,0.9509772413937367
2020-05-08,18500,0.3075829613980802,0.8883757958628224
2020-05-09,10500,0.09803403433682333,0.9685513721595551
2020-05-09,10750,0.014482739979305005,0.993070794776598
2020-05-09,11300,0.15969238742212125,0.9609410309244726
2020-05-09,11450,0.010275560460667504,0.9956349136014249
2020-05-09,11500,0.009960397035705802,0.9952569839353407
2020-05-09,11520,0.045301504993932484,0.9851028224981357
2020-05-09,11570,0.06672768555164443,0.9790731944935018
2020-05-09,12380,0.08197941642580382,0.9742691244799607
2020-05-09,12850,0.053290768437191605,0.9773963090351818
2020-05-09,12930,0.08776869046973759,0.9719245879407635
2020-05-09,14100,0.0,1.0
2020-05-09,14170,0.11046291008162412,0.9633704501738956
2020-05-09,14500,0.01745360887751967,0.9947357382838146
2020-05-09,14700,0.030865243801275186,0.9875024940876952
2020-05-09,14900,0.01930630230176401,0.9912122604736687
2020-05-09,15350,0.1025274966668479,0.9638119046144541
2020-05-09,15950,0.08944601694026195,0.9638664852855392
2020-05-09,15990,0.07043868784100805,0.9717653570794815
2020-05-09,16260,0.06323035461052431,0.9816668521113512
2020-05-09,16350,0.03224378177521519,0.9883620473767563
2020-05-09,16550,0.1532009818013199,0.9453542398254965
2020-05-09,16700,0.014223474522267594,0.9929954616571431
2020-05-09,17100,0.13571557036527743,0.9712024795526805
2020-05-09,17150,0.009028077982549797,0.99554084632665
2020-05-09,17200,0.3938188674460425,0.9095352673867821
2020-05-09,18050,0.28393307396682277,0.8958703827228758
2020-05-09,18250,0.07453834164296566,0.977300994566309
2020-05-09,18500,0.2239144163814165,0.915873858651139
2020-05-10,10500,0.1401891410606665,0.9686223338421326
2020-05-10,10750,0.011017931536894792,0.9947293213854359
2020-05-10,11300,0.15299646700651862,0.9625720458977313
2020-05-10,11450,0.0044007352192135035,0.9981816976672718
2020-05-10,11500,0.007551566988563225,0.9962688456031438
2020-05-10,11520,0.07680237868165703,0.9832156818005631
2020-05-10,11570,0.07541886536803348,0.9804131226264107
2020-05-10,12380,0.0906239647995268,0.9749990044677178
2020-05-10,12850,0.04201071666988906,0.9808593502602508
2020-05-10,12930,0.12704843915753594,0.9731361820200207
2020-05-10,14100,0.0,1.0
2020-05-10,14170,0.10776096170097905,0.9679939147591411
2020-05-10,14500,0.018566318410701107,0.994779479032898
2020-05-10,14700,0.03801959626223517,0.9853460364942095
2020-05-10,14900,0.019723055339134668,0.9911277304746379
2020-05-10,15350,0.060926686681542754,0.972107100031153
2020-05-10,15950,0.08882368223411696,0.9660902492074516
2020-05-10,15990,0.06496801790722505,0.9771748663365055
2020-05-10,16260,0.0597834750367218,0.9851041101501523
2020-05-10,16350,0.019864568436512964,0.9930656855619705
2020-05-10,16550,0.15599080855332326,0.9515532642580438
2020-05-10,16700,0.007785291368447468,0.9961665405551362
2020-05-10,17100,0.144533535157081,0.9697786566517052
2020-05-10,17150,0.01601036846408609,0.9949979613316652
2020-05-10,17200,0.2800890186507073,0.9272721339303723
2020-05-10,18050,0.25420393418627835,0.9152949998976179
2020-05-10,18250,0.08653037855226765,0.976825444918372
2020-05-10,18500,0.15511223999639473,0.941174295105202
2020-05-11,10500,0.18307800933362472,0.9633591715785459
2020-05-11,10750,0.013779109840068228,0.9935277789484062
2020-05-11,11300,0.2968567537191865,0.9422896965883157
2020-05-11,11450,0.009826096981802259,0.9956446125071351
2020-05-11,11500,0.01514335111061958,0.9928909127975405
2020-05-11,11520,0.10191272174463499,0.980841500236133
2020-05-11,11570,0.12574038036280696,0.9764048321609415
2020-05-11,12380,0.13292285555048855,0.9692494293708216
2020-05-11,12850,0.045898953314612544,0.9807288346726517
2020-05-11,12930,0.21739278907604095,0.9663142791013759
2020-05-11,14100,0.0,1.0
2020-05-11,14170,0.20285863621646127,0.9491392350974152
2020-05-11,14500,0.029474703785891822,0.9935197098845997
2020-05-11,14700,0.08395969667641134,0.9716930710691092
2020-05-11,14900,0.029915009522482314,0.9876997936285291
2020-05-11,15350,0.1134686771403933,0.9625985981097743
2020-05-11,15950,0.2834323634941653,0.923617142270368
2020-05-11,15990,0.11533416971449656,0.9628360736289624
2020-05-11,16260,0.13942014339265943,0.9731811469740205
2020-05-11,16350,0.04958460172806884,0.9827960119330723
2020-05-11,16550,0.22053031834228506,0.9341841051242101
2020-05-11,16700,0.039431924990165325,0.9897632581742231
2020-05-11,17100,0.2569773104848359,0.9584971702728174
2020-05-11,17150,0.006732989370975265,0.9966746163040665
2020-05-11,17200,0.8335587061177893,0.856504265703698
2020-05-11,18050,0.34681606372703927,0.895412682159412
2020-05-11,18250,0.14564074804444294,0.9628480244425879
2020-05-11,18500,0.2517113914360239,0.9102896092933284
2020-05-12,10500,0.24901410177530703,0.9466764040918711
2020-05-12,10750,0.018359297803599274,0.9917009716501313
2020-05-12,11300,0.3428559251141556,0.932052712269202
2020-05-12,11450,0.024460782954821833,0.9902266108795155
2020-05-12,11500,0.024800059530737332,0.989600461790518
2020-05-12,11520,0.1144203328203284,0.9745836242889232
2020-05-12,11570,0.15056818594474342,0.9690136699960455
2020-05-12,12380,0.15268891710441454,0.9619370080914641
2020-05-12,12850,0.05813198034841763,0.9758992421371642
2020-05-12,12930,0.235042075854471,0.9603344798043789
2020-05-12,14100,0.0,1.0
2020-05-12,14170,0.2533745405291578,0.9325739441493239
2020-05-12,14500,0.02609067840260063,0.9925040755962584
2020-05-12,14700,0.10361541245170057,0.965771046075423
2020-05-12,14900,0.05329457511864733,0.9812049370629584
2020-05-12,15350,0.13701707511805142,0.9552278866960598
2020-05-12,15950,0.3104077311912124,0.9121722877778966
2020-05-12,15990,0.13485032090989874,0.9561989649380543
2020-05-12,16260,0.138868665722188,0.9689418784871071
2020-05-12,16350,0.06628789089279699,0.9768972047865521
2020-05-12,16550,0.3222568641796885,0.9070024567198729
2020-05-12,16700,0.030526101990667378,0.9889251414049854
2020-05-12,17100,0.26815730387122044,0.9514521634522859
2020-05-12,17150,0.042143550821740636,0.983251941824975
2020-05-12,17200,0.914756402913385,0.8404183549438606
2020-05-12,18050,0.3828075085492631,0.8828126358683038
2020-05-12,18250,0.16158315704286672,0.9542902657037081
2020-05-12,18500,0.29648218419790734,0.898128476294968
2020-05-13,10500,0.2393043048563576,0.945627864488082
2020-05-13,10750,0.019504754681843976,0.9910705040209735
2020-05-13,11300,0.3011372906332692,0.9390846631807336
2020-05-13,11450,0.02257372270625182,0.9906029207309933
2020-05-13,11500,0.02879453736970901,0.9886117667632907
2020-05-13,11520,0.11725678780950775,0.976349605018125
2020-05-13,11570,0.14572979571947847,0.9714303131447771
2020-05-13,12380,0.16274072555056526,0.963326511858699
2020-05-13,12850,0.06214291613987877,0.9765122594921597
2020-05-13,12930,0.24917204017081615,0.9592696850734624
2020-05-13,14100,0.0,1.0
2020-05-13,14170,0.26755954949446786,0.9306021043793966
2020-05-13,14500,0.03335366079817445,0.9910638526090823
2020-05-13,14700,0.14995652350352165,0.9552434234040592
2020-05-13,14900,0.04179197285354086,0.9843606611892348
2020-05-13,15350,0.1231764108084053,0.9558820361574326
2020-05-13,15950,0.3368815784680907,0.910833894876122
2020-05-13,15990,0.15610696612037833,0.9544378991075164
2020-05-13,16260,0.1683666209418479,0.9677748164403769
2020-05-13,16350,0.06414836004546436,0.9787729040902212
2020-05-13,16550,0.30611564216238357,0.9105145121641899
2020-05-13,16700,0.043790928321160306,0.9854295393848646
2020-05-13,17100,0.28677561776926613,0.952541605462163
2020-05-13,17150,0.028739952676964817,0.986237138315544
2020-05-13,17200,0.9670858534166844,0.833252371268258
2020-05-13,18050,0.40399150158103564,0.8784469764300734
2020-05-13,18250,0.18295383832025397,0.9517461919703061
2020-05-13,18500,0.31366555321669315,0.8929626980448844
2020-05-14,10500,0.2682222318194854,0.9367251186376123
2020-05-14,10750,0.027946488990102176,0.9879392563955883
2020-05-14,11300,0.38128851903871835,0.928574118111288
2020-05-14,11450,0.03469029668505256,0.9856665728578327
2020-05-14,11500,0.05138959767098018,0.9837532499636158
2020-05-14,11520,0.14047208975767667,0.9712222271899799
2020-05-14,11570,0.16467297651602714,0.9643511174304524
2020-05-14,12380,0.1864582052960572,0.9535419328208452
2020-05-14,12850,0.06807321710169448,0.972202772333301
2020-05-14,12930,0.26335522380612675,0.9532731284428513
2020-05-14,14100,0.0,1.0
2020-05-14,14170,0.2758494059948618,0.9283258592756157
2020-05-14,14500,0.044982483281581546,0.9882732818283324
2020-05-14,14700,0.12864075923382726,0.9592432917832467
2020-05-14,14900,0.07401574737518005,0.9773836712394941
2020-05-14,15350,0.17673657133413279,0.9468525183039556
2020-05-14,15950,0.2920284321128436,0.9164416225874582
2020-05-14,15990,0.16965386093479143,0.9498314425447106
2020-05-14,16260,0.18943274844749464,0.9613916044397535
2020-05-14,16350,0.09152025073300726,0.9699710337912816
2020-05-14,16550,0.34778782198893654,0.898034810862097
2020-05-14,16700,0.05994676198152103,0.9826695996301925
2020-05-14,17100,0.3275227748985013,0.9424392688208261
2020-05-14,17150,0.05406849245232087,0.9795287288029106
2020-05-14,17200,0.999185317156735,0.8314361689245082
2020-05-14,18050,0.4237412355732108,0.8713692358739644
2020-05-14,18250,0.19352434552958026,0.9498857958327492
2020-05-14,18500,0.3371059684647951,0.8894940096222366
2020-05-15,10500,0.18879051064375907,0.9540127756330201
2020-05-15,10750,0.022394187070176083,0.9899609665502337
2020-05-15,11300,0.3267487328167921,0.9354287130156653
2020-05-15,11450,0.018714948088290873,0.9919580522176427
2020-05-15,11500,0.022852638554920302,0.9903351478607141
2020-05-15,11520,0.1055134620082104,0.9776718533820605
2020-05-15,11570,0.12296042462848068,0.9713844354224725
2020-05-15,12380,0.1367862820972457,0.9633466625008177
2020-05-15,12850,0.06171505735130203,0.9736693825171143
2020-05-15,12930,0.17417586014345587,0.9611413953270512
2020-05-15,14100,0.0,1.0
2020-05-15,14170,0.22798146850464973,0.934963454070705
2020-05-15,14500,0.03931528165156299,0.990065715793183
2020-05-15,14700,0.11540174327741615,0.9628942955308676
2020-05-15,14900,0.049489830281135294,0.981903864784955
2020-05-15,15350,0.16726651675713414,0.9554216369079703
2020-05-15,15950,0.2867341796972878,0.9200252991470527
2020-05-15,15990,0.13392971411764248,0.9558247177056837
2020-05-15,16260,0.1526398714352558,0.967071294523077
2020-05-15,16350,0.06317866383584331,0.9777798834763548
2020-05-15,16550,0.26898753072249326,0.9160921863695418
2020-05-15,16700,0.05033687285488872,0.9871896974961204
2020-05-15,17100,0.2805514869483272,0.9486615734067457
2020-05-15,17150,0.029732195868218025,0.9858611385730744
2020-05-15,17200,0.8977858855151627,0.8417529838063087
2020-05-15,18050,0.4137413207506382,0.8714777018467024
2020-05-15,18250,0.15433660535638616,0.9545685591623649
2020-05-15,18500,0.3142925659193889,0.88877109027268
2020-05-16,10500,0.11135270801325158,0.9671134577905036
2020-05-16,10750,0.015670277477044525,0.9924402765036057
2020-05-16,11300,0.19459442289132567,0.952573375992889
2020-05-16,11450,0.008096638620132055,0.9965039502489322
2020-05-16,11500,0.010660776130474075,0.9949524056248158
2020-05-16,11520,0.05229132518878022,0.9841644233219259
2020-05-16,11570,0.06912282750576663,0.9778109725374601
2020-05-16,12380,0.0992024163865286,0.9711287328507313
2020-05-16,12850,0.05558585020598256,0.9760385904080696
2020-05-16,12930,0.09718119332136245,0.9698127514764724
2020-05-16,14100,0.0,1.0
2020-05-16,14170,0.12787050976695374,0.958696545114825
2020-05-16,14500,0.022515912217637254,0.9934973683797111
2020-05-16,14700,0.04037941212561459,0.9847191432135245
2020-05-16,14900,0.021570821676734277,0.9901274208026865
2020-05-16,15350,0.116547434553578,0.963418885939136
2020-05-16,15950,0.11804615358781018,0.9594062476012779
2020-05-16,15990,0.06599420242773452,0.9734038405741195
2020-05-16,16260,0.0692531492220934,0.9810606237107851
2020-05-16,16350,0.03283862035907154,0.988366953096624
2020-05-16,16550,0.17676105164872166,0.9373860672934525
2020-05-16,16700,0.014112694216566916,0.9930502367189677
2020-05-16,17100,0.17406688141671853,0.9621452714621387
2020-05-16,17150,0.009793312193316514,0.995162906622511
2020-05-16,17200,0.46697214658310154,0.8941123059060082
2020-05-16,18050,0.31376174046356553,0.8839783435233558
2020-05-16,18250,0.10348984378284007,0.9710384933183018
2020-05-16,18500,0.252390729016627,0.9047557029526071
2020-05-17,10500,0.15376101064208353,0.9677105705151107
2020-05-17,10750,0.011046664439666764,0.9945610560474802
2020-05-17,11300,0.21300661608541713,0.9520727624638344
2020-05-17,11450,0.002017678696312568,0.999003266439943
2020-05-17,11500,0.006315213525538501,0.9968797325200861
2020-05-17,11520,0.08924527425190965,0.9802515632641473
2020-05-17,11570,0.08310814653696731,0.9793525226245742
2020-05-17,12380,0.08698701517890824,0.9751349810565214
2020-05-17,12850,0.0472909175277625,0.9791013302127617
2020-05-17,12930,0.13345794883600098,0.9714137545959421
2020-05-17,14100,0.0,1.0
2020-05-17,14170,0.12709174741390358,0.9627715198580894
2020-05-17,14500,0.01945009079072939,0.9947545892184408
2020-05-17,14700,0.04253020002634185,0.9835388731640431
2020-05-17,14900,0.018330804848414643,0.9918519382651583
2020-05-17,15350,0.05871726976927065,0.9758892303670714
2020-05-17,15950,0.12092370420657954,0.9587420654141603
2020-05-17,15990,0.06803951348502345,0.9772502033985367
2020-05-17,16260,0.06944096413453615,0.9837935843616269
2020-05-17,16350,0.017632555935947775,0.9934095797752
2020-05-17,16550,0.17088503565001614,0.9478260642171082
2020-05-17,16700,0.007667393330923354,0.996224563270289
2020-05-17,17100,0.17793804912672004,0.9654636575325053
2020-05-17,17150,0.009393359484586814,0.9953604941653146
2020-05-17,17200,0.33458910603518005,0.9159442750917252
2020-05-17,18050,0.2801115542641505,0.9093658599403961
2020-05-17,18250,0.0990493081893329,0.9726311038430615
2020-05-17,18500,0.17019354844778564,0.9353167489175916
2020-05-18,10500,0.195883152525833,0.9606632207920284
2020-05-18,10750,0.014440929678699983,0.9931693783173234
2020-05-18,11300,0.32207398639816565,0.9392744422449274
2020-05-18,11450,0.01032954326942658,0.9955234893311626
2020-05-18,11500,0.018117308115732155,0.9913010759663605
2020-05-18,11520,0.12351244584745542,0.9789552584560774
2020-05-18,11570,0.1386373108650483,0.9740387373512153
2020-05-18,12380,0.14248252075267917,0.9689071549707211
2020-05-18,12850,0.05639832267425661,0.9788836453966735
2020-05-18,12930,0.2116474096600342,0.9622519481321818
2020-05-18,14100,0.0,1.0
2020-05-18,14170,0.21874275662012854,0.9448358218738668
2020-05-18,14500,0.03264211307713973,0.9925125889013239
2020-05-18,14700,0.10562371546451936,0.9647030305773215
2020-05-18,14900,0.04245005273409613,0.98446879699753
2020-05-18,15350,0.1615997444218303,0.9553750909425256
2020-05-18,15950,0.32351152159978386,0.909899883127649
2020-05-18,15990,0.11253406251629113,0.9632445844010303
2020-05-18,16260,0.140298590775684,0.9716417041866104
2020-05-18,16350,0.05317766174732227,0.9817515486111804
2020-05-18,16550,0.24150330235704875,0.9311987310145389
2020-05-18,16700,0.029933745892958833,0.9906753780794038
2020-05-18,17100,0.26161489724068404,0.9571885612480133
2020-05-18,17150,0.007772337317557991,0.9961613423947303
2020-05-18,17200,0.9222324842347384,0.8409922901672177
2020-05-18,18050,0.3972200301449157,0.8807810427149795
2020-05-18,18250,0.18689297184562184,0.9530645580459552
2020-05-18,18500,0.27117202265675927,0.9032429848610163
2020-05-19,10500,0.2722830763225073,0.9415629322261856
2020-05-19,10750,0.020038334008649572,0.9909375487806167
2020-05-19,11300,0.3887961331995483,0.9225946651436518
2020-05-19,11450,0.028316214990668324,0.988461930551992
2020-05-19,11500,0.03100165978639543,0.9870501385279148
2020-05-19,11520,0.1402096682302845,0.9735368205251494
2020-05-19,11570,0.16005130321331276,0.9666813312222805
2020-05-19,12380,0.17960321359696985,0.9578940085154161
2020-05-19,12850,0.06318481730682919,0.9740178290289322
2020-05-19,12930,0.26923730463700896,0.9532742793634995
2020-05-19,14100,0.0,1.0
2020-05-19,14170,0.2866043092855069,0.9251370184910462
2020-05-19,14500,0.04038017694792738,0.989937175137436
2020-05-19,14700,0.17424379314172192,0.9511655690301932
2020-05-19,14900,0.061334439280946236,0.9794113152894999
2020-05-19,15350,0.18768128132970835,0.9425813262623771
2020-05-19,15950,0.3504703078871484,0.90074228933258
2020-05-19,15990,0.16466320536353798,0.9501813710010932
2020-05-19,16260,0.16430347480912103,0.9642450687466603
2020-05-19,16350,0.06991543249781065,0.9762952212404438
2020-05-19,16550,0.34254416433144125,0.9012891363340961
2020-05-19,16700,0.043311018079785886,0.9855505559474905
2020-05-19,17100,0.33827731803586203,0.941869977350979
2020-05-19,17150,0.04206216927110985,0.9834753165411201
2020-05-19,17200,1.0931017039878466,0.8202132257555056
2020-05-19,18050,0.4433660985088766,0.8633607240085731
2020-05-19,18250,0.21189847566060643,0.9449680897373187
2020-05-19,18500,0.3270804473416421,0.8882783534065039
2020-05-20,10500,0.2666740395654617,0.9419246460632206
2020-05-20,10750,0.019682079424756468,0.9910424332219422
2020-05-20,11300,0.3720683991561327,0.9269867499979842
2020-05-20,11450,0.024825687926231167,0.9897394563326124
2020-05-20,11500,0.029858631945061366,0.9875845547364122
2020-05-20,11520,0.1222839979199209,0.9757997518109192
2020-05-20,11570,0.16324573752837487,0.9678434066344175
2020-05-20,12380,0.18103117064196142,0.9586839287248301
2020-05-20,12850,0.056702026332074655,0.9760221264350518
2020-05-20,12930,0.28825012113504994,0.9524504225551692
2020-05-20,14100,0.0021249906348165797,0.9997905449192891
2020-05-20,14170,0.2813293340636023,0.9272886033208703
2020-05-20,14500,0.04466031765196537,0.9896700183191832
2020-05-20,14700,0.15003993375640548,0.9542564070301455
2020-05-20,14900,0.049008080478372754,0.9820232079807222
2020-05-20,15350,0.17636957668779937,0.9434578177762875
2020-05-20,15950,0.3724352938235892,0.8939495124199046
2020-05-20,15990,0.15143616082049444,0.9504333386644358
2020-05-20,16260,0.1786326425807159,0.9645314389420866
2020-05-20,16350,0.07010166830288472,0.9769256172209985
2020-05-20,16550,0.3392452785515191,0.9018602488083207
2020-05-20,16700,0.07143821000420794,0.9818779382648434
2020-05-20,17100,0.3184050438570239,0.9459537512812706
2020-05-20,17150,0.0258632483956761,0.9877401101735176
2020-05-20,17200,1.0753769814146943,0.8184697855670068
2020-05-20,18050,0.4561128429204773,0.8631676772059136
2020-05-20,18250,0.22600153756086871,0.9424499665699758
2020-05-20,18500,0.3561903719223978,0.8780326277423358
2020-05-21,10500,0.2724412911879075,0.9360913587651792
2020-05-21,10750,0.030846955915990324,0.9873466888802936
2020-05-21,11300,0.39399078706044804,0.9254408844761073
2020-05-21,11450,0.043566661447343995,0.981930687892481
2020-05-21,11500,0.04652895027611664,0.982275869125973
2020-05-21,11520,0.1357152146770264,0.9731286823477484
2020-05-21,11570,0.1774758194405309,0.9638534772999463
2020-05-21,12380,0.19661891071116103,0.9529667000618063
2020-05-21,12850,0.07153456007569459,0.9707243193130248
2020-05-21,12930,0.2551442056710618,0.9552647135593123
2020-05-21,14100,0.0011254797702923277,0.9998858820356914
2020-05-21,14170,0.3012954397781318,0.9237201330282817
2020-05-21,14500,0.0442129574564315,0.9892751991273141
2020-05-21,14700,0.16434209273550912,0.9481727163376213
2020-05-21,14900,0.07220041150653092,0.9788159119675884
2020-05-21,15350,0.20656418718065114,0.9416913640784044
2020-05-21,15950,0.3584995705798712,0.9009337385086155
2020-05-21,15990,0.18052666602841436,0.9446304400099536
2020-05-21,16260,0.1970512322362223,0.9599066232465931
2020-05-21,16350,0.096067909615973,0.9699007548776192
2020-05-21,16550,0.37733001311883096,0.8945567069670071
2020-05-21,16700,0.08591238263414677,0.9799942863293806
2020-05-21,17100,0.3518406077074774,0.9417878579479904
2020-05-21,17150,0.059526980457607674,0.9756833564772042
2020-05-21,17200,1.0894982444831325,0.8186399031465249
2020-05-21,18050,0.47365763672190886,0.8593100732556228
2020-05-21,18250,0.22508125613233004,0.9425732697532311
2020-05-21,18500,0.3843238438778382,0.8748394897159394
2020-05-22,10500,0.19942268152055662,0.9509426800618569
2020-05-22,10750,0.023322231190078067,0.9893685895190465
2020-05-22,11300,0.3197489392591702,0.9326700527538783
2020-05-22,11450,0.019871895238558333,0.991442930249428
2020-05-22,11500,0.024786781188912446,0.9900381473518939
2020-05-22,11520,0.10373987738307536,0.9761527192095514
2020-05-22,11570,0.11676097734918324,0.9711754580221669
2020-05-22,12380,0.1552060467974192,0.959595847443658
2020-05-22,12850,0.06815704442397605,0.9744365597173785
2020-05-22,12930,0.20641365211148516,0.958361085266539
2020-05-22,14100,0.0,1.0
2020-05-22,14170,0.2446191973410111,0.9310774616692166
2020-05-22,14500,0.04190819510711071,0.989628877885223
2020-05-22,14700,0.15236717315797368,0.9560992395943221
2020-05-22,14900,0.0507914116497088,0.9818992467595723
2020-05-22,15350,0.17428909952910726,0.9549225548343191
2020-05-22,15950,0.29369871760943506,0.9150472067778571
2020-05-22,15990,0.14014506968506715,0.955129677669237
2020-05-22,16260,0.14449473688583303,0.9675055775616422
2020-05-22,16350,0.06625521291430071,0.9769689355900435
2020-05-22,16550,0.2768932678383951,0.9118371303414962
2020-05-22,16700,0.048233194501214105,0.9890637461955252
2020-05-22,17100,0.2785410633077682,0.9463031758966153
2020-05-22,17150,0.02726292286968046,0.986685087122179
2020-05-22,17200,0.9808077676707195,0.8265036842130377
2020-05-22,18050,0.41859572812690016,0.8671733555123871
2020-05-22,18250,0.19392779634659588,0.9471546360112687
2020-05-22,18500,0.3189554005244271,0.8863604299665689
2020-05-23,10500,0.11898125408541328,0.965478432282548
2020-05-23,10750,0.01628062862535341,0.9921283116173482
2020-05-23,11300,0.21388391114045646,0.947563506987583
2020-05-23,11450,0.009872758793964296,0.995519091794793
2020-05-23,11500,0.010853184052519869,0.9948328096812116
2020-05-23,11520,0.0632053420199412,0.9821444784741176
2020-05-23,11570,0.06941918540571772,0.9773386547194636
2020-05-23,12380,0.09505566837594179,0.9699925675433193
2020-05-23,12850,0.05526160389563058,0.9759957263648661
2020-05-23,12930,0.1273957687663072,0.9688766942275772
2020-05-23,14100,0.0,1.0
2020-05-23,14170,0.13149530445791247,0.9570846685375175
2020-05-23,14500,0.025990739761844316,0.9931926290091276
2020-05-23,14700,0.05248677549980608,0.9843242660655012
2020-05-23,14900,0.02168836632123471,0.990074155663673
2020-05-23,15350,0.07953237294446487,0.9666970842404937
2020-05-23,15950,0.1080761537927988,0.9609330805426904
2020-05-23,15990,0.07255254039976952,0.9713638577940802
2020-05-23,16260,0.08104204238138771,0.9792528671017529
2020-05-23,16350,0.032681241925969176,0.9881472052516782
2020-05-23,16550,0.17087447777333953,0.9401775735771292
2020-05-23,16700,0.01762201098646807,0.99148049087631
2020-05-23,17100,0.19822390879972346,0.9594038050347842
2020-05-23,17150,0.008283143758601409,0.9959087865286125
2020-05-23,17200,0.4762246641086497,0.8927577361574552
2020-05-23,18050,0.3316180841097332,0.8810437247612433
2020-05-23,18250,0.11105939546307021,0.9713033507557617
2020-05-23,18500,0.24443653643851876,0.9068767641782532
