date,LGA,km,stay,weight,visit
2020-05-03,30250,0.0,1.0,0.00010265420902761107,0.0
2020-05-03,30300,0.0,1.0,0.0005987072856034108,0.0
2020-05-03,30370,0.20558367897254679,0.9814169492725529,0.0022455220318668163,0.0
2020-05-03,30410,0.0,1.0,0.00033810906014304876,0.0
2020-05-03,30760,0.0,1.0,0.0002557217258676856,0.0
2020-05-03,30900,0.0,1.0,4.386858058818038e-05,0.0
2020-05-03,31000,0.8811043909137918,0.921296406673235,0.2660043707092252,0.4203273839132778
2020-05-03,31820,0.4207956658203383,0.9584408793260183,0.02005583895082858,0.0
2020-05-03,31900,0.08348831868117933,0.9909340808496355,0.0025964535943874215,0.0
2020-05-03,31950,0.0,1.0,8.401111795690426e-05,0.0
2020-05-03,32080,0.5676693100400816,0.9465094408111149,0.02983041748036298,0.008321870876278585
2020-05-03,32250,0.0,1.0,0.0002835408257528732,0.0
2020-05-03,32260,0.027090528823368917,0.9970925372324068,0.00404807219317813,0.0
2020-05-03,32270,0.4395900812393994,0.9754745046691615,0.006362579273409296,0.0009843629658042561
2020-05-03,32310,0.0,1.0,0.001701060629804614,0.0
2020-05-03,32330,0.0,1.0,0.00010607415258410029,0.0
2020-05-03,32450,0.004274325541050556,0.999528750425653,0.0006243371540984319,7.923741641208504e-05
2020-05-03,32500,0.28525015525655945,0.9700874445094527,0.0012985297788562795,0.00042053066527013847
2020-05-03,32600,0.0,1.0,1.2839584562394257e-05,0.0
2020-05-03,32770,0.0,1.0,5.936424298983158e-05,0.0
2020-05-03,32810,0.0,1.0,0.0007031557609417263,0.0
2020-05-03,33100,0.0,1.0,3.851875368718277e-05,0.0
2020-05-03,33200,0.0,1.0,0.00021399307603990427,0.0
2020-05-03,33220,0.4183696596907422,0.9648977544726939,0.02270863861483048,0.0
2020-05-03,33360,0.4854542161764021,0.9561147422366593,0.010727629078233573,0.0
2020-05-03,33430,0.5935209386861092,0.9508731941097388,0.11404973900442258,0.015505944034899919
2020-05-03,33610,0.0,1.0,0.0011009247861505948,0.0
2020-05-03,33620,0.27422055789086697,0.9705906131758404,0.009059059315402712,0.0
2020-05-03,33800,0.0,1.0,0.0012219577520566991,0.0
2020-05-03,33960,0.5619709947411725,0.9511481691740089,0.05340096294806985,0.0817222846453473
2020-05-03,33980,1.859217209441737,0.9039657430624444,0.005984749242011605,0.000566862442258716
2020-05-03,34420,0.0,1.0,6.312795743177176e-05,0.0
2020-05-03,34530,0.1903399976781072,0.9787991401963183,0.0041902358574060295,0.00873997031454188
2020-05-03,34580,0.14403128124036976,0.9833746699489635,0.010463186682745769,0.013837298585151711
2020-05-03,34590,0.6522217447171444,0.9415963118350746,0.0774240946778506,0.1788569577192249
2020-05-03,34710,0.0,1.0,0.0005713615130265445,0.0
2020-05-03,34770,0.435528673681931,0.9553262220773242,0.02387878378912423,0.0
2020-05-03,34800,0.7011385979261916,0.9226986193125123,0.00020381605017599755,2.0822976744415578e-05
2020-05-03,34860,0.0,1.0,0.002325389466100766,0.0
2020-05-03,34880,0.2501330025286049,0.9766425114196037,0.005482974558592086,0.008032130310650993
2020-05-03,35010,0.6771125447375256,0.9428011826372094,0.09529830549955368,0.1468960810060381
2020-05-03,35250,0.0,1.0,9.950678035855549e-05,0.0
2020-05-03,35300,0.5833457196437887,0.9361837906828334,0.00502990725231795,0.0
2020-05-03,35600,0.0,1.0,0.0005403325170007583,0.0
2020-05-03,35670,0.3833890480750898,0.9597961790250404,7.839792078183777e-05,0.00020363700503003582
2020-05-03,35740,0.3853857708270168,0.9647816785854244,0.010117573429740309,0.008793639724773965
2020-05-03,35760,0.0,1.0,0.0015311204590655152,0.0
2020-05-03,35780,0.0,1.0,9.505479828061591e-05,0.0
2020-05-03,35800,0.0,1.0,0.00016798456469132485,0.0
2020-05-03,36070,0.0,1.0,4.921840748917798e-05,0.0
2020-05-03,36150,0.0,1.0,9.094705731695932e-05,0.0
2020-05-03,36250,0.6005703249495011,0.9483155494899058,0.027393063706804256,0.05839728767098216
2020-05-03,36300,0.0,1.0,0.00011876615720214687,0.0
2020-05-03,36370,0.3866303003454897,0.9647728655477651,0.017220841365766595,0.006725539401100272
2020-05-03,36510,0.006844182425736794,0.9992130513270171,0.00643788516609206,0.00027184185794467406
2020-05-03,36580,0.060597892511407715,0.9931462939620875,0.0051557981305342514,0.0001460404151773549
2020-05-03,36630,0.0,1.0,0.004986508958280388,0.0
2020-05-03,36660,0.17849841501905753,0.9792704222488372,0.005884155230122961,0.0
2020-05-03,36720,0.3761595794151382,0.9626274479845224,0.049825682264137444,0.009957455995807891
2020-05-03,36820,0.0,1.0,0.0035522561919446465,0.0
2020-05-03,36910,0.3224263692067103,0.9647183075445915,0.02900476868422264,0.013192206933133265
2020-05-03,36950,0.0,1.0,0.0005276650529955055,0.0
2020-05-03,36960,0.0,1.0,2.353923836438947e-05,0.0
2020-05-03,37010,0.9261152341979153,0.915884388156892,0.04335035953279745,0.0
2020-05-03,37300,0.3902675300584894,0.9590748718838256,7.194371931917359e-05,0.00019435275627000505
2020-05-03,37310,0.04777319955457984,0.9945180334706304,0.00507465701152073,0.0
2020-05-03,37340,0.1510312689360264,0.9835266716609278,0.007469408500229942,0.0007711977555164145
2020-05-03,37400,0.0,1.0,0.0001540750147487311,0.0
2020-05-03,37550,0.0,1.0,9.072502578277962e-05,0.0
2020-05-03,37570,0.0,1.0,1.8017246231177803e-06,0.0
2020-05-03,37600,0.0,1.0,9.33791725197041e-05,0.0
2020-05-04,30250,0.0,1.0,0.00010594389158851971,0.0
2020-05-04,30300,0.0,1.0,0.0005877932664518513,0.0
2020-05-04,30370,0.3849126566643751,0.9652781459337764,0.002233755616168397,0.0
2020-05-04,30410,0.0,1.0,0.0002829896873180528,0.0
2020-05-04,30760,0.0,1.0,0.0002484020588680686,0.0
2020-05-04,30900,0.0,1.0,4.8213057839371964e-05,0.0
2020-05-04,31000,1.1438930747340723,0.9071401404085022,0.2696218005767019,0.5196837538750592
2020-05-04,31820,0.5578792947470109,0.9484852832326546,0.019999956293682047,0.0
2020-05-04,31900,0.17044331192946477,0.9814886131951501,0.0026045081520710478,0.0
2020-05-04,31950,0.0,1.0,7.18005476306055e-05,0.0
2020-05-04,32080,0.62657328039661,0.942754720020767,0.02982364191218162,0.007471399701378712
2020-05-04,32250,0.0,1.0,0.0002861340171771423,0.0
2020-05-04,32260,0.10293578028458648,0.9889525246782034,0.003889803491068968,0.0
2020-05-04,32270,0.6349374966040265,0.9605685116304765,0.006351132503022173,0.000758198822988767
2020-05-04,32310,0.0003174853699956297,0.9999846057070652,0.001673379542509053,0.0
2020-05-04,32330,0.0,1.0,9.958810436532028e-05,0.0
2020-05-04,32450,0.0038419241527705736,0.9995764232030812,0.0006350557978422165,4.6102166228604e-05
2020-05-04,32500,0.30543311768658304,0.9679709724496609,0.0013018725439703038,0.00033585223302081237
2020-05-04,32600,0.0,1.0,1.1529209483328078e-05,0.0
2020-05-04,32770,0.0,1.0,5.29245367799437e-05,0.0
2020-05-04,32810,0.0,1.0,0.0007014906394409681,0.0
2020-05-04,33100,0.0,1.0,4.402061802725267e-05,0.0
2020-05-04,33200,0.0,1.0,0.0002274398598074721,0.0
2020-05-04,33220,0.6247193292652065,0.9546466720935922,0.02253213273153652,0.0
2020-05-04,33360,0.6236937877373637,0.9447584818677915,0.010568088343271496,0.0
2020-05-04,33430,0.9009291744122093,0.9383977776032022,0.11289714429991834,0.030696806750981312
2020-05-04,33610,0.0,1.0,0.0010484148115021542,0.0
2020-05-04,33620,0.30254732206746954,0.967158977860934,0.008904189268441559,0.0
2020-05-04,33800,0.0,1.0,0.001168524684231829,0.0
2020-05-04,33960,1.1813426704049141,0.9186202619676155,0.05342704350547773,0.06294669413306829
2020-05-04,33980,2.0298156026102787,0.8996629782719106,0.006163712386356073,0.00032510208885657544
2020-05-04,34420,0.0,1.0,6.917525689996848e-05,0.0
2020-05-04,34530,0.8226164365832369,0.9454870754009911,0.00420727043548389,0.007012434622251137
2020-05-04,34580,0.18481641722544317,0.9786668636143833,0.01008883253267448,0.0077257584714781795
2020-05-04,34590,1.1568094383335135,0.9174021008489155,0.07724144598371024,0.15553425199773424
2020-05-04,34710,0.0,1.0,0.0005712199244012549,0.0
2020-05-04,34770,0.6726785569437834,0.9384188749009595,0.023810961912931573,0.0
2020-05-04,34800,0.7160193560927791,0.9210579976788493,0.00018246996552104708,1.2115290713832368e-05
2020-05-04,34860,0.08615645177793556,0.9901450456109087,0.002339779369469233,0.0
2020-05-04,34880,0.34633603123388346,0.9694980570573984,0.005384004743251543,0.004793088294840435
2020-05-04,35010,1.1319705620048228,0.9234091527946362,0.09478361771544255,0.10512196740236478
2020-05-04,35250,0.0,1.0,0.00010690721520904218,0.0
2020-05-04,35300,0.691221135543041,0.9263265306122449,0.005135738769846144,0.0
2020-05-04,35600,0.2017861410504218,0.9769503546099291,0.0005911340135088214,0.0
2020-05-04,35670,0.49459090850148413,0.9481350746948257,7.658633813694795e-05,0.00011711275511870494
2020-05-04,35740,0.5029453836524943,0.9626183338992628,0.010053993755489153,0.010090544626574053
2020-05-04,35760,0.0,1.0,0.0014872680233493222,0.0
2020-05-04,35780,0.0,1.0,0.00010150863179776663,0.0
2020-05-04,35800,0.0,1.0,0.00015092783323629485,0.0
2020-05-04,36070,0.0,1.0,4.611683793331231e-05,0.0
2020-05-04,36150,0.0,1.0,9.95704455378334e-05,0.0
2020-05-04,36250,1.0840283387194996,0.9246516217171534,0.027559549120462906,0.04249077596202572
2020-05-04,36300,0.0,1.0,0.00010795532516207201,0.0
2020-05-04,36370,0.5001517529375458,0.9545971927172974,0.017456114183689572,0.011053799607259166
2020-05-04,36510,0.00724510157870977,0.9991771733499009,0.006290896555977123,0.0001812861963658353
2020-05-04,36580,0.15148898696085863,0.9830858134117892,0.004889516165669628,0.0001685622065839341
2020-05-04,36630,0.13249620480953503,0.9948886024757442,0.004921284003708761,0.0
2020-05-04,36660,0.23770897610322492,0.9723941150863722,0.005581134731867425,0.0
2020-05-04,36720,0.5281775810562338,0.9534467656475215,0.04971460640930603,0.008543956599296774
2020-05-04,36820,0.09044365682972552,0.9920025712404587,0.003331294218863925,7.994179015151018e-05
2020-05-04,36910,0.4954819999183813,0.953239288957667,0.028736777636813888,0.010458850077351554
2020-05-04,36950,0.0,1.0,0.0004969621513822637,0.0
2020-05-04,36960,0.0,1.0,1.0481099530298254e-05,0.0
2020-05-04,37010,1.053166325750323,0.9069910008326607,0.04386958598822384,1.2426769600886126e-06
2020-05-04,37300,0.4852579235844802,0.949113771547668,7.057531314276502e-05,0.00011803005550328744
2020-05-04,37310,0.24228959382499604,0.9721539453460711,0.005065555958048571,2.118181294764799e-05
2020-05-04,37340,0.20047621514677794,0.9781389648449149,0.007431351789479819,0.0008325245275577545
2020-05-04,37400,0.0,1.0,0.00016036082281356329,0.0
2020-05-04,37550,0.0,1.0,7.847195244297692e-05,0.0
2020-05-04,37570,0.0,1.0,1.5839044188244978e-06,0.0
2020-05-04,37600,0.0,1.0,8.498701043422047e-05,0.0
2020-05-05,30250,0.7450317960864081,0.9447557122190487,0.00011456916103691268,0.0
2020-05-05,30300,0.0,1.0,0.0005834693156305693,0.0
2020-05-05,30370,0.5442912394553702,0.9537619110712385,0.002312317682829217,0.0
2020-05-05,30410,0.0,1.0,0.00029829885031407215,0.0
2020-05-05,30760,0.0,1.0,0.00024270193197596548,0.0
2020-05-05,30900,0.0,1.0,5.025106080559638e-05,0.0
2020-05-05,31000,2.2369073357691605,0.8291257891074241,0.2860684898639357,0.40622899420967773
2020-05-05,31820,1.208362694533475,0.8943643978471048,0.020070573312251982,0.0
2020-05-05,31900,0.4720584133674551,0.9487236159986212,0.0025438401387614,0.0
2020-05-05,31950,0.0,1.0,0.00011295520138350157,0.0
2020-05-05,32080,1.3468829063759677,0.8803120521474557,0.031087321345122234,0.00729288616329086
2020-05-05,32250,0.0,1.0,0.0003004371933270762,0.0
2020-05-05,32260,0.447737595835865,0.9591812550013715,0.0037950769206449293,0.0003107560085194134
2020-05-05,32270,1.029803607360569,0.9337757147228325,0.0065745370363895755,0.0003283698867064254
2020-05-05,32310,0.2304891715016191,0.9748866078452707,0.0017455241210148078,8.591922839511855e-07
2020-05-05,32330,0.0,1.0,9.797271940624045e-05,2.1626278323163215e-05
2020-05-05,32450,0.004150013686776745,0.9995424559583389,0.0006425617914377422,2.732163370063397e-05
2020-05-05,32500,0.8764296418540162,0.9103526903160045,0.0013183643898260003,0.0005526507563886255
2020-05-05,32600,0.0,1.0,2.4590944649547164e-05,0.0
2020-05-05,32770,0.0,1.0,6.131975417633267e-05,0.0
2020-05-05,32810,0.0,1.0,0.000618186190009615,0.0
2020-05-05,33100,0.0,1.0,4.597437477958818e-05,0.0
2020-05-05,33200,0.0,1.0,0.00024270193197596548,0.0
2020-05-05,33220,1.249201534809431,0.9066551731658424,0.022736187021667475,0.0
2020-05-05,33360,1.167686849430124,0.9008243865129407,0.010521854654139975,0.0
2020-05-05,33430,1.448383482884473,0.8929391121917266,0.10928452448230487,0.03292922416054946
2020-05-05,33610,0.0,1.0,0.001015252420979364,0.0
2020-05-05,33620,1.0194899163599123,0.8974118000829262,0.008764879759027476,0.0
2020-05-05,33800,0.3175167610262005,0.9657026196309229,0.0011845953483872772,0.0
2020-05-05,33960,1.8516202326568256,0.8679275209510211,0.050671417674730254,0.0927992854990467
2020-05-05,33980,2.5515338257747353,0.8791433325487261,0.006465114410743376,0.0009004676458295775
2020-05-05,34420,0.0,1.0,7.056531942913534e-05,0.0
2020-05-05,34530,1.5140332508088117,0.9060225638631758,0.0037170501070051616,0.009417820588660064
2020-05-05,34580,0.3745731420922564,0.9567636997494422,0.009059066796090634,0.009933789264711558
2020-05-05,34590,1.990500119455043,0.8564606799491891,0.0738784159527621,0.17953938148163417
2020-05-05,34710,0.0,1.0,0.0006297420173297078,0.0
2020-05-05,34770,1.8349020921354349,0.8548201825557328,0.02402288083568196,0.0
2020-05-05,34800,0.8193308349954416,0.9096677818446859,0.00017428523952982435,7.179912835736686e-06
2020-05-05,34860,0.19820050645049764,0.9773289531932108,0.00245233132867324,0.0
2020-05-05,34880,1.2023313187587792,0.9119825685904597,0.005169261131125558,0.009152212187298928
2020-05-05,35010,1.8774844552949987,0.8715922050074386,0.0905873272692605,0.13867296434673565
2020-05-05,35250,0.0,1.0,0.00011012466516971121,0.0
2020-05-05,35300,1.3310388036036904,0.8616198616198616,0.005253908782951077,0.0
2020-05-05,35600,0.42743070745803635,0.9511754068716094,0.000591251843095634,0.0
2020-05-05,35670,1.1309137938513223,0.8814075260250884,7.537214301177382e-05,0.00024064620817534934
2020-05-05,35740,1.2445258935197967,0.9166260962676303,0.0101146778175615,0.009629484439116234
2020-05-05,35760,0.0,1.0,0.0014829408795183443,0.0
2020-05-05,35780,0.0,1.0,0.00010744122483219353,0.0
2020-05-05,35800,0.0,1.0,0.00017213661254683016,0.0
2020-05-05,36070,0.0,1.0,4.2766860260082025e-05,0.0
2020-05-05,36150,0.0,1.0,8.553372052016405e-05,0.0
2020-05-05,36250,1.6597501873492606,0.8775873675042536,0.025466090444170666,0.05700748686143364
2020-05-05,36300,0.0,1.0,0.00012509306626073993,0.0
2020-05-05,36370,1.0915328776570867,0.9100554853427357,0.018071596024000127,0.009126828815158429
2020-05-05,36510,0.034295905771709566,0.99611921804752,0.005554180315024787,0.00022596204393994266
2020-05-05,36580,0.18791049221340278,0.9790035318132003,0.0043107503467667025,0.00016740168555461445
2020-05-05,36630,0.563451833322202,0.9787797385373851,0.004963537055582589,4.157885582882159e-05
2020-05-05,36660,0.4131578713988782,0.9520186875734802,0.005459355024816319,0.0
2020-05-05,36720,1.1021653437471668,0.9074503730773049,0.04795051057375255,0.011458945377266359
2020-05-05,36820,0.7710721787737924,0.9464117039761497,0.0033220534328765516,0.0016683968399722384
2020-05-05,36910,0.9988190503037746,0.9082905367887776,0.028877894032809045,0.010268359949788634
2020-05-05,36950,0.0,1.0,0.0005094707344194898,0.0
2020-05-05,37010,2.0811581670653143,0.8195040782311043,0.04507800001652295,0.0
2020-05-05,37300,1.211797152597274,0.8751750582276673,7.005113639816578e-05,0.0002246113880056771
2020-05-05,37310,0.625045408520321,0.9281973707910522,0.005168624637704064,2.4871143426215003e-05
2020-05-05,37340,0.4823776404007096,0.9571321003869433,0.007356940112003126,0.0002529466168027264
2020-05-05,37400,0.0,1.0,0.00014647649639078092,0.0
2020-05-05,37550,0.0,1.0,8.390660509999411e-05,0.0
2020-05-05,37570,0.0,1.0,2.262025712310277e-06,0.0
2020-05-05,37600,0.0,1.0,9.026636966903688e-05,0.0
2020-05-06,30250,0.0,1.0,0.00010756280343194991,0.0
2020-05-06,30300,0.0,1.0,0.0005796920185940231,0.0
2020-05-06,30370,0.6220651215419639,0.9465108152219405,0.0023805608213407696,0.0
2020-05-06,30410,0.0,1.0,0.0002705852975022245,0.0
2020-05-06,30760,0.0,1.0,0.000248301802413806,0.0
2020-05-06,30900,0.0,1.0,4.3505871363102764e-05,0.0
2020-05-06,31000,2.4314241130730885,0.8210933150868223,0.2867898588207163,0.4036684387404534
2020-05-06,31820,1.2327523668650133,0.8952691553965363,0.019858456052690664,2.993057831510806e-05
2020-05-06,31900,0.6795988340084184,0.9396161569948017,0.0025656423820500838,0.0
2020-05-06,31950,0.0,1.0,8.757458378319649e-05,0.0
2020-05-06,32080,1.3594590103883515,0.8794086017939959,0.030820648199447034,0.005855447662861029
2020-05-06,32250,0.0,1.0,0.00029711326784557986,0.0
2020-05-06,32260,0.37832996191474094,0.9622048114192089,0.003762116988421397,0.0
2020-05-06,32270,1.0856423011266298,0.9352083311286042,0.0064358801032872465,0.00034480571778067713
2020-05-06,32310,0.6408121377688307,0.9759287942885156,0.0017201653473769077,7.878577981336841e-07
2020-05-06,32330,0.0,1.0,9.776868828054194e-05,0.0
2020-05-06,32450,0.0043080195435168675,0.9995250356210205,0.0006552878624297321,2.6723470491525973e-05
2020-05-06,32500,0.7350923833337616,0.9229150578818344,0.0012779010262813915,0.0003298073236211
2020-05-06,32600,0.0,1.0,2.2283495088418487e-05,0.0
2020-05-06,32770,0.0,1.0,6.416540658079606e-05,0.0
2020-05-06,32810,0.0,1.0,0.0006462043248684304,0.0
2020-05-06,33100,0.0,1.0,5.0933703059242255e-05,0.0
2020-05-06,33200,0.0,1.0,0.00023875173309019808,0.0
2020-05-06,33220,1.2766226244418393,0.9066238079336463,0.02270509583785969,0.0
2020-05-06,33360,1.226656770651963,0.8958873616020055,0.010599708001491202,0.0
2020-05-06,33430,1.6820739617016105,0.8851273413903987,0.10934770421684321,0.039157442443502964
2020-05-06,33610,0.14911003919950955,0.987719540165613,0.0010368850952270686,0.0
2020-05-06,33620,1.0293366053280615,0.8957682306309401,0.00869404282796348,0.0
2020-05-06,33800,0.3246367432828979,0.9649357410806406,0.0011802226828979384,0.0
2020-05-06,33960,2.0259395442102743,0.8563962422837006,0.05123373134716893,0.0910690284999012
2020-05-06,33980,2.764006992195427,0.8660698934914631,0.00656529376822954,0.0010907112709896164
2020-05-06,34420,0.0,1.0,7.215607933392653e-05,0.0
2020-05-06,34530,1.418661952596448,0.9060686554148265,0.0036709784704608084,0.00815495472420444
2020-05-06,34580,0.4507855977603701,0.9507513015685098,0.009184225416505772,0.011026667757508999
2020-05-06,34590,2.197816059507201,0.8477934777267626,0.07425578084507116,0.18093472831637356
2020-05-06,34710,0.0,1.0,0.0006196933872207808,0.0
2020-05-06,34770,1.7831202932226955,0.8574488027246475,0.023968950422943544,0.0
2020-05-06,34800,0.7983085881876523,0.9119855100487838,0.0001893627133027022,7.022720196745983e-06
2020-05-06,34860,0.3115127513053277,0.9643677995973302,0.002471721099024264,0.0
2020-05-06,34880,0.8909544830521757,0.9312193017125463,0.005075140014670759,0.007699887506443488
2020-05-06,35010,1.958879434544381,0.8669734143649116,0.09021111470424394,0.13885662242513921
2020-05-06,35250,0.0,1.0,0.00011884530713823194,0.0
2020-05-06,35300,1.3510012622905456,0.8591694078947368,0.005161281910003215,0.0
2020-05-06,35600,0.6253152942441643,0.9285714285714286,0.0005942265356911597,0.0
2020-05-06,35670,1.0099671937759909,0.8940905055764671,7.314245553766294e-05,0.00016927393218570588
2020-05-06,35740,1.1912074821876455,0.9170484836829013,0.009809040385976875,0.009092747698014509
2020-05-06,35760,0.08864127816313262,0.9899425287356322,0.0014770773887180255,0.0
2020-05-06,35780,0.0,1.0,0.00011204087836940956,0.0
2020-05-06,35800,0.0,1.0,0.00018463467358975318,0.0
2020-05-06,36070,0.0,1.0,5.199482187297647e-05,0.0
2020-05-06,36150,0.0,1.0,9.125621798114238e-05,0.0
2020-05-06,36250,1.8768137487882401,0.8658633605403939,0.025805786020626446,0.058409978812702094
2020-05-06,36300,0.0,1.0,0.00013582320815797936,0.0
2020-05-06,36370,1.0716638361683597,0.9123129632712507,0.01787397792359867,0.008324313372861858
2020-05-06,36510,0.03116460781454586,0.9965332798867954,0.00557291482383747,0.000249745299594953
2020-05-06,36580,0.26348410527727756,0.9705259267635884,0.004473750920379069,0.00019864426104349188
2020-05-06,36630,0.5450602977078732,0.978502364409079,0.0048188785068976935,3.519394068567318e-05
2020-05-06,36660,0.46282821266048657,0.9462513720245783,0.005468603059761564,0.0
2020-05-06,36720,1.1186927316975244,0.9066203278152101,0.047575682366343436,0.011155102635100106
2020-05-06,36820,0.6787582256389887,0.9460256232479505,0.0032911431814547417,0.001112671086577209
2020-05-06,36910,1.1580499817795107,0.89719065199446,0.029022795599794583,0.00952368651434335
2020-05-06,36950,0.0,1.0,0.0004991635583414976,0.0
2020-05-06,36960,0.0,1.0,1.2733425764810564e-05,0.0
2020-05-06,37010,2.078029613682562,0.8207115671897965,0.04468455715698874,0.000256994275804265
2020-05-06,37300,1.0325690785544683,0.891720374937908,6.729156971911241e-05,0.0001602411533353325
2020-05-06,37310,0.7054225360170924,0.9212640513202677,0.005136894932450769,2.1486847565885186e-05
2020-05-06,37340,0.6537482124544758,0.9471881792084292,0.007441880234142386,0.0006236710691753917
2020-05-06,37400,0.0,1.0,0.00016447341612880312,0.0
2020-05-06,37550,0.0,1.0,7.466002623315757e-05,0.0
2020-05-06,37570,0.0,1.0,2.1533565889262158e-06,0.0
2020-05-06,37600,0.0,1.0,0.00010052860750976996,0.0
2020-05-07,30250,0.0,1.0,0.00011085250203637786,0.0
2020-05-07,30300,0.0,1.0,0.0005801817743080958,0.0
2020-05-07,30370,0.4831878789882991,0.9594205821064767,0.002300924820423116,0.0
2020-05-07,30410,0.0,1.0,0.0002769274948353095,0.0
2020-05-07,30760,0.0,1.0,0.0002472187980713682,0.0
2020-05-07,30900,0.0,1.0,4.137997049263245e-05,0.0
2020-05-07,31000,2.4005676243920866,0.8222209515530458,0.28675604470313776,0.39623392365244503
2020-05-07,31820,1.1800262646192812,0.9003157597859459,0.019935945785044998,1.7975501152582723e-05
2020-05-07,31900,0.542750708873908,0.9410418068778694,0.002627448789099983,0.0
2020-05-07,31950,0.0,1.0,7.962954597856187e-05,0.0
2020-05-07,32080,1.4104949545667669,0.8746053523162929,0.030652312197534257,0.006396625137202403
2020-05-07,32250,0.0,1.0,0.00031300234090580955,0.0
2020-05-07,32260,0.3494567230352335,0.9655390875940577,0.0038178642549869285,0.0
2020-05-07,32270,1.062707910684164,0.937569591172059,0.006472372435967336,0.00036501160862125744
2020-05-07,32310,0.22185700452254176,0.975827142244689,0.0016679428645273572,5.22848678809475e-07
2020-05-07,32330,0.0,1.0,9.146581423985897e-05,2.1804129935962553e-05
2020-05-07,32450,0.9291057463343128,0.9384554999518595,0.0007068384701713041,0.0
2020-05-07,32500,0.7049043971334082,0.9260806996728219,0.0012805900258896874,0.00032797936447699486
2020-05-07,32600,0.0,1.0,3.076972164836772e-05,0.0
2020-05-07,32770,0.0,1.0,7.209701249442375e-05,0.0
2020-05-07,32810,0.0,1.0,0.0006378301185399723,0.0
2020-05-07,33100,0.0,1.0,5.0929194452470706e-05,0.0
2020-05-07,33200,0.0,1.0,0.0002408526487648094,0.0
2020-05-07,33220,1.2668899320523417,0.9045911685066302,0.022608636499116118,0.0
2020-05-07,33360,1.1490284255443297,0.900658591383087,0.010637867930421607,0.0
2020-05-07,33430,1.6352643419744048,0.8849099093357365,0.10916364694854336,0.03996817067164064
2020-05-07,33610,0.22994286710178993,0.9810622801871236,0.0010645142606025848,0.0
2020-05-07,33620,0.967106685656099,0.9017926616232058,0.008643141353495335,0.0
2020-05-07,33800,0.29649873730903636,0.9679729349103559,0.0011926442754726179,0.0
2020-05-07,33960,1.9570829182448,0.8597954342814684,0.0510624953148702,0.09430051744411973
2020-05-07,33980,2.419437311987928,0.8783388855716513,0.006259818551571795,0.0011566625231939345
2020-05-07,34420,0.0,1.0,7.957686633198548e-05,0.0
2020-05-07,34530,1.3177886873999765,0.9084160290218254,0.003654842919262802,0.009014075230464765
2020-05-07,34580,0.42937794438666493,0.9535293048940825,0.009182724432174907,0.01038135789776846
2020-05-07,34590,2.139553909922194,0.8482094455889013,0.07415459128353526,0.1842564538365445
2020-05-07,34710,0.0,1.0,0.0006111503334296484,0.0
2020-05-07,34770,1.7515052407959744,0.858179372147655,0.024135179268304188,0.0
2020-05-07,34800,0.0,1.0,0.00016956808436496262,0.0
2020-05-07,34860,0.18256959781246962,0.9791168853620614,0.002337158298932566,0.0
2020-05-07,34880,0.8458412011738594,0.9313942102214803,0.005233771391644726,0.008046565711397967
2020-05-07,35010,1.9392306287439922,0.8675166178264762,0.09049813015025822,0.1372637285617028
2020-05-07,35250,0.0,1.0,9.973633913608847e-05,0.0
2020-05-07,35300,1.3372056734526727,0.8610253242742434,0.00515339786365938,0.0
2020-05-07,35600,0.4640148826546802,0.9469964664310954,0.0006005400845853837,0.0
2020-05-07,35670,0.9498012615956477,0.9003997634395039,7.57792965979057e-05,0.00016410811668128475
2020-05-07,35740,1.1376028330166548,0.9240197274969022,0.00977675323763519,0.008809882211999106
2020-05-07,35760,0.06690699256797233,0.9924085576259489,0.0015374250575339594,0.0
2020-05-07,35780,0.0,1.0,0.00011357621523810571,0.0
2020-05-07,35800,0.0,1.0,0.00016339783220167687,0.0
2020-05-07,36070,0.0,1.0,5.411226910575013e-05,0.0
2020-05-07,36150,0.0,1.0,9.337018982952963e-05,0.0
2020-05-07,36250,1.803886181055401,0.8669822724359642,0.025727275584395932,0.059838077326500226
2020-05-07,36300,0.0,1.0,0.00012095683682461793,0.0
2020-05-07,36370,1.1180442448563601,0.910535668275303,0.017997491897228227,0.008250221640549232
2020-05-07,36510,0.061489948494993084,0.9932671026583848,0.005507900351199609,0.0005014160185893545
2020-05-07,36580,0.24931260907828814,0.9721634366545754,0.004508372902456845,0.000573587710669029
2020-05-07,36630,0.43458157733369507,0.9840989755036454,0.004846209872285498,3.5932109797151976e-05
2020-05-07,36660,0.42163081238496203,0.9510354834007134,0.005395645961019063,0.0
2020-05-07,36720,1.1043760357474364,0.9073496207410783,0.04788537026868903,0.011228166764487577
2020-05-07,36820,0.6328929335436918,0.9490587493344298,0.003353699856776027,0.000886627567961901
2020-05-07,36910,1.0622754344687428,0.9047581119165417,0.029132792676140808,0.009454069320250575
2020-05-07,36950,0.0,1.0,0.000511367441689087,0.0
2020-05-07,36960,0.0,1.0,1.061024884426473e-05,0.0
2020-05-07,37010,2.0691641182188336,0.820795436364513,0.04458914573665152,0.0
2020-05-07,37300,0.9634321159157694,0.8989703735558502,7.005478252036454e-05,0.0001558992370075535
2020-05-07,37310,0.6137865542759773,0.9294807617863947,0.00516240629671616,2.3284560347729998e-05
2020-05-07,37340,0.5914886651306988,0.9509440935214922,0.007492096793475032,0.0004481123466513229
2020-05-07,37400,0.0,1.0,0.00016021475754839743,0.0
2020-05-07,37550,0.0,1.0,8.518146343565436e-05,0.0
2020-05-07,37570,0.0,1.0,2.290602101795244e-06,0.0
2020-05-07,37600,0.0,1.0,9.194783859566104e-05,0.0
2020-05-08,30250,0.0,1.0,0.00012074013740057837,0.0
2020-05-08,30300,0.0,1.0,0.0005607848817909439,0.0
2020-05-08,30370,0.1964795273209842,0.9843753177690856,0.002189102144720813,0.0
2020-05-08,30410,0.0,1.0,0.00031211173161326645,0.0
2020-05-08,30760,0.0,1.0,0.0002319460471235576,0.0
2020-05-08,30900,0.0,1.0,3.847952855506024e-05,0.0
2020-05-08,31000,2.1775169206541194,0.8359187456253212,0.2837292237095024,0.3524594248153277
2020-05-08,31820,1.0669239236089678,0.906956064842448,0.020011853847268266,3.476742485615113e-05
2020-05-08,31900,0.40923458692920706,0.9555473558548508,0.0025487985306078187,0.0
2020-05-08,31950,0.0,1.0,8.18152170194886e-05,0.0
2020-05-08,32080,1.318967473850864,0.8835373725848216,0.030649081691824877,0.006553550146911402
2020-05-08,32250,0.0,1.0,0.0002918030915425402,0.0
2020-05-08,32260,0.2535717156116918,0.9727856799377148,0.003888346403078575,0.0
2020-05-08,32270,0.6244993634028734,0.957207711315454,0.006345394432665056,0.00032621601369815215
2020-05-08,32310,0.07738441687764584,0.9915684316315063,0.00164801905224092,1.0696135062403411e-06
2020-05-08,32330,0.0,1.0,8.897707727233549e-05,0.0
2020-05-08,32450,0.31444934502647476,0.9756164088281093,0.0007110170020520811,2.4736626767945987e-05
2020-05-08,32500,0.6517310274470249,0.9316566874227069,0.0012926715894105638,0.0003540938508231881
2020-05-08,32600,0.0,1.0,1.6033136897941768e-05,0.0
2020-05-08,32770,0.0,1.0,6.996514561436011e-05,0.0
2020-05-08,32810,0.0,1.0,0.0006179103559448465,0.0
2020-05-08,33100,0.0,1.0,5.34437896598059e-05,0.0
2020-05-08,33200,0.0,1.0,0.0002148440344324197,0.0
2020-05-08,33220,1.0511433412625875,0.9186576030785378,0.02257529507624351,0.0
2020-05-08,33360,1.0159838820359437,0.9130973844733503,0.010651537140720209,0.0
2020-05-08,33430,1.3243492908411942,0.9009597311951273,0.10988527448596803,0.03837601393379125
2020-05-08,33610,0.27447440250731475,0.9733469158508944,0.0010827882527532438,0.0
2020-05-08,33620,0.8092157514240548,0.9181734793035746,0.008738950398503765,0.0
2020-05-08,33800,0.3159895363999204,0.9658675866825748,0.001221307018257833,0.0
2020-05-08,33830,0.0,1.0,8.378137704992163e-06,0.0
2020-05-08,33960,1.484606158361472,0.8866183599798558,0.0515552366020109,0.1033516595157263
2020-05-08,33980,2.0451614387542185,0.9037185662365613,0.005796005975147229,0.00046669468104121466
2020-05-08,34420,0.0,1.0,7.589018131692437e-05,0.0
2020-05-08,34530,0.9751670213379448,0.9269954020296198,0.0038055731479037865,0.010655830921656851
2020-05-08,34580,0.3067858247379628,0.9645886487667874,0.009322072218724086,0.011249521986226828
2020-05-08,34590,1.6741215424112312,0.8737030299009351,0.07474921302870002,0.19054688126389469
2020-05-08,34710,0.0,1.0,0.0006039148231558066,0.0
2020-05-08,34770,1.4436817865801275,0.8751902189247742,0.02436469005430036,0.0
2020-05-08,34800,0.5877200157520549,0.9352031555391729,0.00019432079478503062,6.500593119359545e-06
2020-05-08,34860,0.0,1.0,0.002133091060619893,0.0
2020-05-08,34880,0.6917419062903531,0.9511263034542814,0.005163912998456802,0.009615538627880749
2020-05-08,35010,1.4660410020045602,0.8892237201287045,0.09116425586579775,0.15583574915109524
2020-05-08,35250,0.0,1.0,9.726769718084673e-05,0.0
2020-05-08,35300,1.0441897931153479,0.8867035443556648,0.005217182746590251,0.0
2020-05-08,35600,0.0,1.0,0.0005825373072918843,0.0
2020-05-08,35670,0.850896196038733,0.9107713730854529,7.602027106940776e-05,0.00018977610532587374
2020-05-08,35740,1.159604103119128,0.91973756394118,0.009867614698335565,0.0089435214258119
2020-05-08,35760,0.0,1.0,0.0014173293017780524,0.0
2020-05-08,35780,0.0,1.0,0.00010663316428738443,0.0
2020-05-08,35800,0.0,1.0,0.0001421604804950837,0.0
2020-05-08,36070,0.0,1.0,4.703053490062919e-05,0.0
2020-05-08,36150,0.0,1.0,0.00010474982773321955,0.0
2020-05-08,36250,1.3413350057159714,0.8923944698206234,0.026081683826818622,0.06752116632486123
2020-05-08,36300,0.0,1.0,0.00013254059835631862,0.0
2020-05-08,36370,1.0454248391709478,0.9189285693527673,0.018142722389585298,0.008216153588387546
2020-05-08,36510,0.03132893194839815,0.9963850823290187,0.005758218433603904,0.0004150863900336979
2020-05-08,36580,0.17082122629091973,0.9807774260955389,0.004607369898946758,0.00030989584302681424
2020-05-08,36630,0.20377890109668212,0.9917533152644108,0.004795673123962401,0.0
2020-05-08,36660,0.44419458057972244,0.9484167605333693,0.005511886495110396,0.0
2020-05-08,36720,0.9005878567229141,0.9204572225931767,0.047945385234422336,0.011554519875631209
2020-05-08,36820,0.20534006611341887,0.9798687521284702,0.0033141530771373666,0.0005880964446834717
2020-05-08,36910,0.8642509351491289,0.9178592976267506,0.029105945665160362,0.009446691070361508
2020-05-08,36950,0.0,1.0,0.0004919372799024416,0.0
2020-05-08,37010,1.8577881130186846,0.8369309018811106,0.04472300160549133,0.0
2020-05-08,37300,0.8739935337020448,0.9083492871310516,6.998917141796433e-05,0.00017860703325373235
2020-05-08,37310,0.5186774290888032,0.9404407540835394,0.005158283172805929,1.8144658938515485e-05
2020-05-08,37340,0.5022123900358969,0.9570479285073803,0.007362930902925906,0.00032100711854402263
2020-05-08,37400,0.0,1.0,0.00016995125111818275,0.0
2020-05-08,37550,0.0,1.0,7.13490972054942e-05,0.0
2020-05-08,37570,0.0,1.0,2.076795989378587e-06,0.0
2020-05-08,37600,0.0,1.0,9.230611106854274e-05,0.0
2020-05-09,30250,0.0,1.0,0.00011557745312817622,0.0
2020-05-09,30300,0.0,1.0,0.0005853985522336934,0.0
2020-05-09,30370,0.208645836227558,0.9834077008017312,0.0022500338165995656,0.0
2020-05-09,30410,0.0,1.0,0.00034559908315321775,0.0
2020-05-09,30760,0.0,1.0,0.000238932699463953,0.0
2020-05-09,30900,0.0,1.0,2.5599932085423537e-05,0.0
2020-05-09,31000,1.1690041347822218,0.898767969829695,0.2689456596467667,0.38433673926155937
2020-05-09,31820,0.5772197122115611,0.9455873659417594,0.020073716111757525,0.0
2020-05-09,31900,0.03697088550301849,0.995983299322261,0.0026555721286483317,0.0
2020-05-09,31950,0.0,1.0,5.0823770042304794e-05,0.0
2020-05-09,32080,0.8107043332805356,0.9290205848931143,0.029968463191110586,0.008395927606656691
2020-05-09,32250,0.0,1.0,0.00028266591677655157,0.0
2020-05-09,32260,0.14422633751737288,0.9845210586632637,0.003927906785109663,0.0
2020-05-09,32270,0.49328412032030994,0.9739050198877649,0.006375786510253428,0.0010220119293933197
2020-05-09,32310,0.0,1.0,0.0016617313973644738,0.0
2020-05-09,32330,0.0,1.0,9.987328516962974e-05,0.0
2020-05-09,32450,0.6395683978895753,0.9610049896575499,0.0006903652119996198,5.315352363490469e-05
2020-05-09,32500,0.27519755457471945,0.971141603359776,0.001267520419027454,0.0003276510440765334
2020-05-09,32600,0.0,1.0,4.373321731259854e-05,0.0
2020-05-09,32770,0.0,1.0,6.117593283142315e-05,0.0
2020-05-09,32810,0.0,1.0,0.0006333320595797891,0.0
2020-05-09,33100,0.0,1.0,4.2666553475705894e-05,0.0
2020-05-09,33200,0.0,1.0,0.00018986616296689124,0.0
2020-05-09,33220,0.5894749513769606,0.9518182708181364,0.022824635697182013,0.0
2020-05-09,33360,0.5584198262106994,0.948166279166972,0.01065969910379893,0.0
2020-05-09,33430,0.7037014737342773,0.9386902956333766,0.11316719899040466,0.01899756201666681
2020-05-09,33610,0.0,1.0,0.0011480844338134265,0.0
2020-05-09,33620,0.4241866054417703,0.9544564387662572,0.009063825789969567,0.0
2020-05-09,33800,0.0,1.0,0.0012918678149173891,0.0
2020-05-09,33960,0.676676625375672,0.9394623125561629,0.05303910636934252,0.08678700553813844
2020-05-09,33980,1.7798752664007045,0.9151788656361871,0.005618476900086457,0.0008858884848823476
2020-05-09,34420,0.0,1.0,5.7599847192202955e-05,0.0
2020-05-09,34530,0.5056335926358105,0.9579029981453789,0.004104055904836686,0.009386337259280725
2020-05-09,34580,0.1952215707154563,0.9774658249241868,0.010322011988961727,0.013510296929084821
2020-05-09,34590,0.8007130362600859,0.9267561760755219,0.07671375775604913,0.17915090326915034
2020-05-09,34710,0.0,1.0,0.000586665110290956,0.0
2020-05-09,34770,0.6244468621275728,0.9372410324168925,0.024287566886773828,0.0
2020-05-09,34800,0.6858060850567689,0.9243890474500027,0.00018003247890478066,1.3968332596525146e-05
2020-05-09,34860,0.0,1.0,0.0022342267321928382,0.0
2020-05-09,34880,0.31772510592712494,0.9713384469233373,0.005277102962315967,0.011366994174415218
2020-05-09,35010,0.8365781359809393,0.9285669331927964,0.09499397922941556,0.1590023793403049
2020-05-09,35250,0.0,1.0,8.746643462519708e-05,0.0
2020-05-09,35300,0.7260850832808233,0.9205694243862182,0.005170119617418662,0.0
2020-05-09,35600,0.0,1.0,0.0006026650678443458,0.0
2020-05-09,35670,0.39097564429011383,0.9590006159864775,7.728451581720422e-05,0.000139749822976695
2020-05-09,35740,0.6059862922160082,0.9534578697857828,0.00992561047568006,0.008179707227377878
2020-05-09,35760,0.0,1.0,0.001506129337692418,0.0
2020-05-09,35780,0.0,1.0,0.0001079659622318659,0.0
2020-05-09,35800,0.0,1.0,0.00014506628181740005,0.0
2020-05-09,36070,0.0,1.0,5.226652800773972e-05,0.0
2020-05-09,36150,0.0,1.0,9.813307299412355e-05,0.0
2020-05-09,36250,0.7143917891847152,0.9360661870726179,0.027157855099076988,0.06905242641239678
2020-05-09,36300,0.0,1.0,0.00011519969438440591,0.0
2020-05-09,36370,0.5216395542633274,0.9547057808831818,0.017780686036689756,0.010157371562862394
2020-05-09,36510,0.00865365376559,0.9989982816215586,0.006389588768019588,0.00034976610349107324
2020-05-09,36580,0.11903210403337197,0.9865132691082078,0.005113674788400072,0.00024925053826465373
2020-05-09,36630,0.0,1.0,0.004878476469283653,0.0
2020-05-09,36660,0.21702971748158556,0.9747956618977983,0.005670966385390983,0.0
2020-05-09,36720,0.45021077676380794,0.9551636035399832,0.04894636390041225,0.010712353017768003
2020-05-09,36820,0.0,1.0,0.0034046935203252884,0.0
2020-05-09,36910,0.4606694533423054,0.9508953493177174,0.029089242328092554,0.013700023034638275
2020-05-09,36950,0.0,1.0,0.0004978990971231578,0.0
2020-05-09,36960,0.0,1.0,2.3466604411638243e-05,0.0
2020-05-09,37010,1.0856291970119492,0.9009457333854334,0.04431229303723666,0.0
2020-05-09,37300,0.39480209507697056,0.9585993579349592,7.051409799282811e-05,0.00013597770495217253
2020-05-09,37310,0.17130314435639268,0.980331192201257,0.005086576029736773,1.2919381272978888e-05
2020-05-09,37340,0.17040067842971102,0.9814054417844729,0.007241706379190141,0.000676508222115417
2020-05-09,37400,0.0,1.0,0.00018346617994553536,0.0
2020-05-09,37550,0.0,1.0,7.697453592702965e-05,0.0
2020-05-09,37570,0.0,1.0,1.6579985757558427e-06,0.0
2020-05-09,37600,0.0,1.0,8.409792235052672e-05,0.0
2020-05-10,30250,0.0,1.0,0.00011602948694856622,0.0
2020-05-10,30300,0.0,1.0,0.0005875902903794425,0.0
2020-05-10,30370,0.25837756196962575,0.9774436233897904,0.0023159239481409513,0.0
2020-05-10,30410,0.0,1.0,0.00029744163110589775,0.0
2020-05-10,30760,0.0,1.0,0.00025692986772946725,0.0
2020-05-10,30900,0.0,1.0,4.797445662998351e-05,0.0
2020-05-10,31000,1.2443201346938146,0.8904890596008032,0.26846618245290543,0.519884993585522
2020-05-10,31820,0.6072849407351967,0.942304878718677,0.02003031330204687,0.0
2020-05-10,31900,0.09673919143733765,0.9894951808576756,0.0026386532282206485,0.0
2020-05-10,31950,0.0,1.0,7.693678355738831e-05,0.0
2020-05-10,32080,0.8514856744954797,0.9222464614482343,0.030025525523533002,0.008115759833083132
2020-05-10,32250,0.0,1.0,0.00027931794749012624,0.0
2020-05-10,32260,0.08179591307901193,0.9912213388904624,0.003886147185022878,0.0
2020-05-10,32270,0.5326614168967492,0.9693443870865256,0.006598811853807417,0.0007874636473623363
2020-05-10,32310,0.0003159555615834502,0.9999846798847157,0.0017103416586927158,0.0
2020-05-10,32330,0.0,1.0,9.828025299220847e-05,0.0
2020-05-10,32450,0.2522500144789782,0.980413429523283,0.0007205628747775098,4.020251321163223e-05
2020-05-10,32500,0.29980069339388743,0.968561612633713,0.0012718918036548584,0.0002827960037541161
2020-05-10,32600,0.0,1.0,2.558637686932454e-05,0.0
2020-05-10,32770,0.0,1.0,6.91187844050059e-05,0.0
2020-05-10,32810,0.0,1.0,0.0006831112925324534,0.0
2020-05-10,33100,0.0,1.0,4.6908357593761655e-05,0.0
2020-05-10,33200,0.0,1.0,0.000221748599534146,0.0
2020-05-10,33220,0.6947469950291401,0.9483295170946604,0.022922875162834668,0.0
2020-05-10,33360,0.7316802955563262,0.9360117429420415,0.010629625127833475,0.0
2020-05-10,33430,0.980559303084091,0.9254925527764154,0.11293962761591525,0.016163221254203632
2020-05-10,33610,0.0,1.0,0.0011186143786240084,0.0
2020-05-10,33620,0.4786907571353923,0.9490568736418842,0.008852222557990053,0.0
2020-05-10,33800,0.0,1.0,0.0012727856160472308,0.0
2020-05-10,33960,1.2016540135243028,0.9076464255480493,0.05322667510709692,0.062376144517944085
2020-05-10,33980,1.9269449882140013,0.902100099938152,0.005873645703847317,0.0007665087320698451
2020-05-10,34420,0.0,1.0,6.183374410086764e-05,0.0
2020-05-10,34530,0.9244702255631569,0.9382691377289772,0.004104710700781738,0.00739676087842292
2020-05-10,34580,0.2445901581242612,0.9717672784467366,0.010083873069386143,0.010864637083814391
2020-05-10,34590,1.1890359591720403,0.9051477312083933,0.07703242552130646,0.15016022851598512
2020-05-10,34710,0.0,1.0,0.0006130069458275671,0.0
2020-05-10,34770,0.8531481771857518,0.9212786612859283,0.024227880355647144,0.0
2020-05-10,34800,0.7140157229505462,0.9212789006625731,0.00017282811757640543,1.0564907786988378e-05
2020-05-10,34860,0.0610900891220296,0.993012246564252,0.002288501689472682,0.0
2020-05-10,34880,0.4492492201811042,0.9583977474755514,0.005357771473445151,0.006459964689662929
2020-05-10,35010,1.253629837045364,0.9058934422464127,0.09488561994559808,0.11584265899256709
2020-05-10,35250,0.0,1.0,9.488281422374517e-05,0.0
2020-05-10,35300,0.6629285477386022,0.927477840451249,0.005292115615805292,0.0
2020-05-10,35600,0.0,1.0,0.0006034120545015704,0.0
2020-05-10,35670,0.45378213337574086,0.9524144579938536,7.603190353525561e-05,0.0001102840548691987
2020-05-10,35740,0.511939195359602,0.9548843182638604,0.009881915631858373,0.010158311201324615
2020-05-10,35760,0.0,1.0,0.0015405131073405816,0.0
2020-05-10,35780,0.0,1.0,0.00011411937210928006,0.0
2020-05-10,35800,0.0,1.0,0.0001492538650710598,0.0
2020-05-10,36070,0.0,1.0,5.54371498835365e-05,0.0
2020-05-10,36150,0.0,1.0,0.00010127940844107631,0.0
2020-05-10,36250,1.1939031122514137,0.9099296375900982,0.027664570930261246,0.046143044229369296
2020-05-10,36300,0.0,1.0,0.00011620479494818229,0.0
2020-05-10,36370,0.5611926318449486,0.9475702301941873,0.017697014589955207,0.011275018125456856
2020-05-10,36510,0.009425535082855242,0.9989206710560171,0.006045967630584045,0.0002233133550055836
2020-05-10,36580,0.12389500606977517,0.9862120660860443,0.004834476789804028,0.00017701726920880097
2020-05-10,36630,0.0794512845154681,0.9967847029711588,0.0049735639973179325,0.0
2020-05-10,36660,0.2357937963647653,0.9726165308836866,0.005567306374958292,0.0
2020-05-10,36720,0.5870667984764993,0.9462079027447373,0.048763551335995345,0.006201198193117306
2020-05-10,36820,0.1380200684641025,0.9920622991316871,0.003368462242124183,0.0002794084098393588
2020-05-10,36910,0.5200131016537912,0.9470538246989405,0.028732511426240108,0.012689850602724621
2020-05-10,36950,0.0,1.0,0.0005170112573340585,0.0
2020-05-10,36960,0.0,1.0,2.771857494176825e-05,0.0
2020-05-10,37010,1.3529511354183712,0.8796288662400124,0.04478845097772631,1.167010599913053e-06
2020-05-10,37300,0.45386395578395045,0.9524058777449709,6.942266999412022e-05,0.00010891993477706744
2020-05-10,37310,0.13590261674146054,0.9844047639745359,0.005058681289055418,0.0
2020-05-10,37340,0.2252927001626502,0.9754177457344708,0.007367228502427543,0.0004815764977058315
2020-05-10,37400,0.0,1.0,0.00018656733133882476,0.0
2020-05-10,37550,0.0,1.0,8.174213886332926e-05,0.0
2020-05-10,37570,0.0,1.0,1.8872763096574975e-06,0.0
2020-05-10,37600,0.0,1.0,9.284815514932603e-05,0.0
2020-05-11,30250,0.8122157670741924,0.9397740045295079,0.0001212526070087341,0.0
2020-05-11,30300,0.0,1.0,0.0005975260192715694,0.0
2020-05-11,30370,0.6419686185871021,0.9446435990219383,0.0023175698340285214,0.0
2020-05-11,30410,0.0,1.0,0.0002907959367281902,0.0
2020-05-11,30760,0.0,1.0,0.00022878797963173786,0.0
2020-05-11,30900,0.0,1.0,5.131693001085709e-05,0.0
2020-05-11,31000,2.265240870352488,0.8272634331067814,0.28596176512446325,0.41617225886494735
2020-05-11,31820,1.0841204547447982,0.9021572416010277,0.019853892646111832,0.0
2020-05-11,31900,0.5294680373121468,0.9586183390285968,0.002583518117598822,0.0
2020-05-11,31950,0.0,1.0,6.660129828816506e-05,0.0
2020-05-11,32080,1.3565432034357632,0.8797649881214056,0.03075176998346069,0.006415261320990003
2020-05-11,32250,0.0,1.0,0.00030041786110522584,0.0
2020-05-11,32260,0.4161203171718986,0.9592823415554592,0.003780934265713212,0.0
2020-05-11,32270,1.173055979720559,0.9306342002875596,0.006778412379028142,0.0005162245264944125
2020-05-11,32310,0.1864230070209428,0.9796879217731584,0.001736916773776631,8.449173133437459e-07
2020-05-11,32330,0.0,1.0,9.749752549645373e-05,0.0
2020-05-11,32450,0.0,1.0,0.0006411573604264227,0.0
2020-05-11,32500,0.6897104370955,0.9304730607029732,0.0012275345583541352,0.0004055625864166956
2020-05-11,32600,0.0,1.0,2.5658465005428545e-05,0.0
2020-05-11,32770,0.0,1.0,7.131295111601332e-05,0.0
2020-05-11,32810,0.0,1.0,0.0006135491313109048,0.0
2020-05-11,33100,0.0,1.0,4.7040519176619e-05,0.0
2020-05-11,33200,0.0,1.0,0.00020847502816910692,0.0
2020-05-11,33220,1.1629564858903616,0.9128155399350584,0.02273474447387669,0.0
2020-05-11,33360,1.1348794804934637,0.904094202581641,0.01053431686910044,0.0
2020-05-11,33430,1.5613148964369288,0.889775104658829,0.10948227313043954,0.034205894867660486
2020-05-11,33610,0.09148347258263831,0.989344706337371,0.001103688942464401,0.0
2020-05-11,33620,0.9392312081456808,0.9053858283819384,0.008655496959403298,0.0
2020-05-11,33800,0.17117668547596146,0.9815099150258638,0.001214226809187439,0.0
2020-05-11,33960,1.8924916230978566,0.8631575494422556,0.050945821065931804,0.09426377456381625
2020-05-11,33980,2.53570219804992,0.8717902056975974,0.006160564770412732,0.0009915025115257497
2020-05-11,34420,0.0,1.0,6.735347063924993e-05,0.0
2020-05-11,34530,1.4415752083383213,0.907482952084796,0.0037393726953741037,0.008680725176604237
2020-05-11,34580,0.4035950408755543,0.9546302984687329,0.009089138859907928,0.010028886798823022
2020-05-11,34590,2.033208697037549,0.8542332076115191,0.07418998029306785,0.17509969730385105
2020-05-11,34710,0.0,1.0,0.0006222177763816422,0.0
2020-05-11,34770,1.6624095734879412,0.8573705884957712,0.0241435464673997,0.0
2020-05-11,34800,0.0,1.0,0.00020022647120992152,0.0
2020-05-11,34860,0.1472078780044138,0.983161714607426,0.0023492178267834583,0.0
2020-05-11,34880,0.8247935590604687,0.9335224950624896,0.00510973709787125,0.008073912927096284
2020-05-11,35010,1.8966574447569982,0.8698101874305961,0.090631193338881,0.13439706182142958
2020-05-11,35250,0.0,1.0,9.621924377035704e-05,0.0
2020-05-11,35300,1.2546228444757592,0.8650244299674267,0.0052514325044443755,0.0
2020-05-11,35600,0.15251592542540593,0.9825783972125436,0.000613664954713166,0.0
2020-05-11,35670,0.721169016211859,0.9243751219132611,7.138805593361076e-05,0.0001977393282005551
2020-05-11,35740,1.1526084036064168,0.9192523362925167,0.009894479954085664,0.009259891896162355
2020-05-11,35760,0.0,1.0,0.0014454268619724746,0.0
2020-05-11,35780,0.0,1.0,0.00011833344434734994,0.0
2020-05-11,35800,0.0,1.0,0.00015608899544969032,0.0
2020-05-11,36070,0.0,1.0,4.1695005633821385e-05,0.0
2020-05-11,36150,0.0,1.0,9.728834647891656e-05,0.0
2020-05-11,36250,1.7291442805734583,0.874694290135814,0.025761828480376885,0.05694544905441678
2020-05-11,36300,0.0,1.0,0.00012187770877578558,0.0
2020-05-11,36370,1.0099946911879993,0.9182262180104014,0.018021143834646418,0.008889625351078779
2020-05-11,36510,0.04068194987710302,0.9953054377105448,0.005587795807057794,0.00018591855930205032
2020-05-11,36580,0.16294594892378203,0.9818981918030447,0.004461449637926025,0.00017879352012756377
2020-05-11,36630,0.5331924526952551,0.9775129498528529,0.004826248174207459,4.088804778045565e-05
2020-05-11,36660,0.38540401563731275,0.9552428885808357,0.00549395649477509,0.0
2020-05-11,36720,1.0732890826137558,0.9088622090467555,0.047886101028088754,0.01128939798730947
2020-05-11,36820,0.564397818335991,0.9562858512761216,0.003297300644796405,0.0009561385925663765
2020-05-11,36910,1.00476259271388,0.9065566465795847,0.029170864839146368,0.009988164850054639
2020-05-11,36950,0.0,1.0,0.000513506256411328,0.0
2020-05-11,37010,1.9946168630795689,0.8258175446828878,0.044781624805147434,0.00033001834790693363
2020-05-11,37300,0.8459681327830053,0.9140512311433704,6.579465994090429e-05,0.0001785871637896966
2020-05-11,37310,0.6296864569039347,0.9276642322800281,0.0051748650906761,2.385152930494744e-05
2020-05-11,37340,0.5434225234300625,0.9543625863135581,0.007365351786488022,0.0006739427527960891
2020-05-11,37400,0.0,1.0,0.00017960925503799981,0.0
2020-05-11,37550,0.0,1.0,8.390120596453243e-05,0.0
2020-05-11,37570,0.0,1.0,1.9387544209875246e-06,0.0
2020-05-11,37600,0.0,1.0,9.200355567301374e-05,0.0
2020-05-12,30250,0.5658173208060171,0.9580445088837135,0.00011650383202790185,0.0
2020-05-12,30300,0.0,1.0,0.0005803369728469293,0.0
2020-05-12,30370,0.5356666505911664,0.9553653375233028,0.0022846305850008006,0.0
2020-05-12,30410,0.0,1.0,0.0003241690730918501,0.0
2020-05-12,30760,0.0,1.0,0.00023614965589472523,0.0
2020-05-12,30900,0.0,1.0,4.7229931178945046e-05,0.0
2020-05-12,31000,2.3296734362862654,0.8216246856786256,0.2879567500372822,0.40413416685638226
2020-05-12,31820,1.2101758961790423,0.8932139759736425,0.019953116150860567,0.0
2020-05-12,31900,0.5076511317930079,0.9448570325158203,0.002666828389549336,0.0
2020-05-12,31950,0.0,1.0,0.00010940152649883392,0.0
2020-05-12,32080,1.3911109099621088,0.8759097201541255,0.030756911798731888,0.007499110087863678
2020-05-12,32250,0.0,1.0,0.00029733388492199494,0.0
2020-05-12,32260,0.4439976078966662,0.9552076541216039,0.003738397060839358,0.0
2020-05-12,32270,1.1039658060923443,0.9320683795952662,0.006823372358399521,0.00046749643159914496
2020-05-12,32310,0.2066461445234028,0.9774844708284154,0.0016685934028684006,8.79673636712063e-07
2020-05-12,32330,0.0,1.0,9.442468745162014e-05,0.0
2020-05-12,32450,0.6528933545692461,0.9605239131140872,0.0007144517873886819,2.6640880463335072e-05
2020-05-12,32500,0.5936573914841465,0.9395516363140419,0.0012740856187688425,0.0003643926891737893
2020-05-12,32600,0.0,1.0,2.5761780643060935e-05,0.0
2020-05-12,32770,0.0,1.0,7.093093800259263e-05,0.0
2020-05-12,32810,0.0,1.0,0.0006211848982888554,0.0
2020-05-12,33100,0.0,1.0,2.5761780643060935e-05,0.0
2020-05-12,33200,0.0,1.0,0.00021790172793922374,0.0
2020-05-12,33220,1.2706101930464289,0.9057993156832845,0.02258469493653776,0.0
2020-05-12,33360,1.1828572158341784,0.8995888528417111,0.010551151529777371,0.0
2020-05-12,33430,1.5091290399903008,0.8877805358139652,0.10926371293520751,0.03223092339082629
2020-05-12,33610,0.0,1.0,0.0010863205476420385,0.0
2020-05-12,33620,1.0121464543617293,0.8977155492715331,0.008689311286864487,0.0
2020-05-12,33800,0.3431603298011042,0.9629326643395835,0.00115833254014043,0.0
2020-05-12,33960,1.895245375263759,0.8648836547994747,0.05058545042081657,0.09168851006736234
2020-05-12,33980,2.7521601138412115,0.8699092179843882,0.006475782535502527,0.0007824355799699726
2020-05-12,34420,0.0,1.0,7.51385268755944e-05,0.0
2020-05-12,34530,1.5793041904029879,0.8979185398926701,0.003654054381490336,0.008746111915290733
2020-05-12,34580,0.3786648894760721,0.9562913647621795,0.009078469113882602,0.009947534835763005
2020-05-12,34590,2.0346827048673686,0.8530135160532724,0.07379746237151259,0.18087343402283282
2020-05-12,34710,0.0,1.0,0.0006300902182281987,0.0
2020-05-12,34770,1.7844766681618593,0.8532006102034156,0.024107897319903135,0.0
2020-05-12,34800,0.793068303950825,0.912563257740752,0.0001807700899576857,7.001016179701867e-06
2020-05-12,34860,0.10187304067141358,0.9883473129571019,0.0023950352046619664,0.0
2020-05-12,34880,1.1582975191166305,0.9155388103866373,0.005173305200345186,0.008615618552199465
2020-05-12,35010,1.9107816455425362,0.8674043398539619,0.08990275872636017,0.13884207542988375
2020-05-12,35250,0.0,1.0,9.875349246506692e-05,0.0
2020-05-12,35300,1.3863529113237205,0.8551611587107303,0.005261843696345196,0.0
2020-05-12,35600,0.22529742219091212,0.9742647058823529,0.0005839336945760478,0.0
2020-05-12,35670,0.7328440108279192,0.9231508318721547,7.525092785874603e-05,0.00015472406593390945
2020-05-12,35740,1.2210633328575475,0.9177244801801954,0.00986677883633506,0.01088068700937981
2020-05-12,35760,0.0,1.0,0.001487742832136769,0.0
2020-05-12,35780,0.0,1.0,0.00010630361477253834,0.0
2020-05-12,35800,0.0,1.0,0.00016315794407271926,0.0
2020-05-12,36070,0.0,1.0,5.367037633971028e-05,0.0
2020-05-12,36150,0.0,1.0,9.123963977750747e-05,0.0
2020-05-12,36250,1.749191162531542,0.8701296149187755,0.02545341935256492,0.05889833432151635
2020-05-12,36300,0.0,1.0,0.0001331025333224815,0.0
2020-05-12,36370,1.0326790985848913,0.9140655144125632,0.017955785947930618,0.009466082672501935
2020-05-12,36510,0.03528003957859505,0.9960084558040952,0.00545149798768375,0.0002272299027961057
2020-05-12,36580,0.16771219538428433,0.9813190895615497,0.0043656693369203475,0.00017335967262226734
2020-05-12,36630,0.5468365657439266,0.9782360520392853,0.0048911154621310085,4.9898911725750895e-05
2020-05-12,36660,0.43806460597875907,0.9491261907916679,0.0053803503923133215,0.0
2020-05-12,36720,1.1212658453706612,0.9055558745469721,0.047613777160401646,0.011868538395274691
2020-05-12,36820,0.6149749328896116,0.9552169508990644,0.0032912800504128906,0.0014564551170172942
2020-05-12,36910,1.0291066228702115,0.9060360875120775,0.029107502202359806,0.010102132680429343
2020-05-12,36950,0.0,1.0,0.0005313004561432198,0.0
2020-05-12,37010,2.123939620690777,0.8141704409498064,0.0449338479497588,0.0
2020-05-12,37300,0.810583864318192,0.9167756700657622,6.847898071103334e-05,0.0001440783858437684
2020-05-12,37310,0.6360848215786881,0.9289847683472264,0.005262308548129369,2.3249321349158225e-05
2020-05-12,37340,0.6053212011143583,0.9504503170985794,0.007416394164736732,0.00022767150487130723
2020-05-12,37400,0.0,1.0,0.00018462609460860336,0.0
2020-05-12,37550,0.0,1.0,8.036598083152773e-05,0.0
2020-05-12,37570,0.0,1.0,2.131947711314764e-06,0.0
2020-05-12,37600,0.0,1.0,9.440463182394155e-05,0.0
2020-05-13,30250,0.0,1.0,9.803103560092879e-05,0.0
2020-05-13,30300,0.0,1.0,0.0005855250314743807,0.0
2020-05-13,30370,0.49070798495792034,0.9578569120079476,0.0023851578978588135,0.0
2020-05-13,30410,0.0,1.0,0.0003143858322801529,0.0
2020-05-13,30760,0.0,1.0,0.0002448787605175341,0.0
2020-05-13,30900,0.0,1.0,5.1328299147780075e-05,0.0
2020-05-13,31000,2.5296718605438264,0.8144276063869743,0.2878664822873677,0.4047403986952054
2020-05-13,31820,1.1556870535789487,0.8966086788473139,0.02001301498352241,0.0
2020-05-13,31900,0.6565972537251977,0.94429889441221,0.0026684963978170803,0.0
2020-05-13,31950,0.0,1.0,8.583675151954947e-05,0.0
2020-05-13,32080,1.455874787930504,0.8718870848446943,0.03050383187996266,0.006321580623373307
2020-05-13,32250,0.0,1.0,0.00029299904096857793,0.0
2020-05-13,32260,0.26810474079058305,0.971399224130987,0.00371837491004641,0.00021254893531277456
2020-05-13,32270,1.022873347269287,0.9337791851364234,0.006627666393982074,0.0005593443110933164
2020-05-13,32310,0.2015534550914469,0.978053761403221,0.001706287678322345,7.257661773791198e-07
2020-05-13,32330,0.0,1.0,9.001810568938611e-05,0.0
2020-05-13,32450,0.0,1.0,0.0006310316929456558,0.0
2020-05-13,32500,0.6558581910097722,0.9312238953389367,0.001237175903013317,0.0002811485162499439
2020-05-13,32600,0.0,1.0,1.2832074786945019e-05,0.0
2020-05-13,32770,0.0,1.0,6.066276896473947e-05,0.0
2020-05-13,32810,0.0,1.0,0.0005798475426843855,0.0
2020-05-13,33100,0.0,1.0,4.598160131988631e-05,0.0
2020-05-13,33200,0.0,1.0,0.00019782781963206903,0.0
2020-05-13,33220,1.2298192160908321,0.9079118101108827,0.022481073864664133,0.0
2020-05-13,33360,1.2374127774385846,0.8963363714042782,0.010511468989517105,0.0
2020-05-13,33430,1.7614692549071167,0.8795548483593942,0.10913949752222463,0.040244385679093546
2020-05-13,33610,0.22131283175779762,0.978485289260329,0.001143162476405532,0.0
2020-05-13,33620,1.06302119900504,0.8921711326493157,0.008697214596185885,0.0
2020-05-13,33800,0.2732645599636597,0.9704826336594915,0.0011955065793139653,0.0
2020-05-13,33960,2.1220718610414133,0.8491118691779515,0.05143099627835459,0.09240682819837553
2020-05-13,33980,2.67696184398611,0.8697905613052963,0.006397167116677076,0.0009766891037376712
2020-05-13,34420,0.0,1.0,7.27150904593551e-05,0.0
2020-05-13,34530,1.5414711371742558,0.9015043311252858,0.003597337241026645,0.009079690351013673
2020-05-13,34580,0.48497372028400154,0.9475017672904527,0.009140278807819265,0.010397214487704242
2020-05-13,34590,2.279322395465906,0.8413847133670741,0.0741452540504357,0.17790782724580523
2020-05-13,34710,0.0,1.0,0.0006180782689045183,0.0
2020-05-13,34770,1.9179209197899074,0.8483762597984322,0.023873005801545628,0.0
2020-05-13,34800,0.0,1.0,0.00018915175385324654,0.0
2020-05-13,34860,0.20760820422910475,0.9762528592896051,0.002431633233047552,0.0
2020-05-13,34880,0.8995860909792364,0.9306702157200116,0.005166698504794598,0.008375319472753155
2020-05-13,35010,2.0713632126402852,0.8601479437866579,0.08992292796979073,0.13795887075967847
2020-05-13,35250,0.0,1.0,0.00010479527742671764,0.0
2020-05-13,35300,1.2752153268703672,0.8619349560237267,0.005228001136114516,0.0
2020-05-13,35600,0.5671464296633117,0.9352159468438538,0.0006437424184784084,0.0
2020-05-13,35670,0.9156671841166835,0.9039792092974377,7.15263956177344e-05,0.00013750482007056657
2020-05-13,35740,1.2544737933286798,0.914812136680577,0.00970955788662418,0.00936395052846841
2020-05-13,35760,0.0,1.0,0.001514184824859512,0.0
2020-05-13,35780,0.0,1.0,0.0001105728410335658,0.0
2020-05-13,35800,0.0,1.0,0.00014436084135313146,0.0
2020-05-13,36070,0.0,1.0,4.491226175430756e-05,0.0
2020-05-13,36150,0.0,1.0,8.661650481187888e-05,0.0
2020-05-13,36250,1.9112602734274693,0.8609166576638487,0.025632614367373453,0.056372662370729694
2020-05-13,36300,0.0,1.0,0.00012190471047597767,0.0
2020-05-13,36370,1.1419936509352806,0.9102085493080749,0.017895318687540678,0.008229880157665745
2020-05-13,36510,0.03880500748670445,0.9956349322096432,0.005506197776729298,0.00024317205971117933
2020-05-13,36580,0.38496618788234005,0.9689074096649982,0.004419511463507522,0.0005671570669207803
2020-05-13,36630,0.49872107255248765,0.9805837618591455,0.004807150720405871,4.265826546707279e-05
2020-05-13,36660,0.4371787260555837,0.949229070790595,0.005412945412526168,0.0
2020-05-13,36720,1.1918005282350692,0.902271687613464,0.047352275918583445,0.01152442733866374
2020-05-13,36820,0.7458898706723083,0.9413208574345782,0.0033355855227177344,0.0010535170762391618
2020-05-13,36910,1.1547352433103442,0.8972005254477552,0.029260554328809123,0.009485965144054366
2020-05-13,36950,0.0,1.0,0.0005342389170104215,0.0
2020-05-13,36960,0.0,1.0,1.8178772614838776e-05,0.0
2020-05-13,37010,2.1280205733438313,0.8143064389280981,0.04466378861520905,0.0002988571263684398
2020-05-13,37300,0.9350543188523711,0.9019461911451343,6.550566117878662e-05,0.000131048475392612
2020-05-13,37310,0.6662121695518612,0.9256879640708097,0.005310709398938318,2.339392552245943e-05
2020-05-13,37340,0.6462970153935674,0.9475871156689774,0.007479675280078512,0.0004582774646686063
2020-05-13,37400,0.0,1.0,0.000180718386582809,0.0
2020-05-13,37550,0.0,1.0,8.295519873184194e-05,0.0
2020-05-13,37570,0.0,1.0,2.077697086241636e-06,0.0
2020-05-13,37600,0.0,1.0,8.897994138102068e-05,0.0
2020-05-14,30250,0.0,1.0,0.00010290574149444009,0.0
2020-05-14,30300,0.0,1.0,0.0006093918938107612,0.0
2020-05-14,30370,0.32934380743610236,0.9683159945753664,0.0023314021864044997,0.0
2020-05-14,30410,0.0,1.0,0.0003168836988149077,0.0
2020-05-14,30760,0.0,1.0,0.00025157996358615985,0.0
2020-05-14,30900,0.0,1.0,5.5668757899916216e-05,0.0
2020-05-14,31000,2.484715722475447,0.8155860503530508,0.28790964162244276,0.39559111696480476
2020-05-14,31820,1.1523468477167587,0.8981107583811113,0.02002639390792133,0.0
2020-05-14,31900,0.5067322108831737,0.9449573901325181,0.002684035502636389,0.0
2020-05-14,31950,0.0,1.0,9.986506999380849e-05,0.0
2020-05-14,32080,1.460092131807358,0.8703902310600716,0.03074275531502513,0.006469434226460471
2020-05-14,32250,0.0,1.0,0.0003190248048879814,0.0
2020-05-14,32260,0.36390398273242647,0.964863167334954,0.0038085142973125507,0.0
2020-05-14,32270,1.028671620406484,0.9402827321051307,0.006526147397316715,0.00044043156131727925
2020-05-14,32310,0.2165025436833073,0.976410547850934,0.00172454261045698,4.7181889929154427e-07
2020-05-14,32330,0.0,1.0,9.09131871314708e-05,1.52255205636701e-05
2020-05-14,32450,0.7274732917683568,0.9522715478403977,0.0007177625843516289,0.0
2020-05-14,32500,0.6683519946365833,0.9299137414708728,0.0012829782145288358,0.00027733004817802976
2020-05-14,32600,0.0,1.0,3.961046235186346e-05,0.0
2020-05-14,32770,0.0,1.0,6.607065066940328e-05,0.0
2020-05-14,32810,0.0,1.0,0.0006256714346343238,0.0
2020-05-14,33100,0.0,1.0,3.961046235186346e-05,0.0
2020-05-14,33200,0.0,1.0,0.0002087578421246858,0.0
2020-05-14,33220,1.242531851120496,0.9061865425549126,0.022537728645145444,0.0
2020-05-14,33360,1.2427097384287404,0.8957059961170778,0.010480321107732499,0.0
2020-05-14,33430,1.6959075926871445,0.8797091972046508,0.10927554925992868,0.03973548979569718
2020-05-14,33610,0.15355619117992056,0.9873533623340857,0.0011004655816533161,0.0
2020-05-14,33620,0.9183534101674851,0.9074360603698945,0.008593204970806763,0.0
2020-05-14,33800,0.2955345768702369,0.9680770811519572,0.001207280245856639,0.0
2020-05-14,33960,1.93420839826264,0.8637470279887056,0.05085557780413933,0.091755093718845
2020-05-14,33980,2.8516737596751076,0.8547590520140051,0.006368516004947095,0.0011736305128019692
2020-05-14,34420,0.0,1.0,7.386815952104267e-05,0.0
2020-05-14,34530,1.3445719558455975,0.9069180947537663,0.0036719940589423684,0.00869519176904269
2020-05-14,34580,0.4619078834856264,0.9501820192529385,0.009104003151294225,0.010413244229977536
2020-05-14,34590,2.1689387611938025,0.8452132566805991,0.0741649495607723,0.18117372572855253
2020-05-14,34710,0.0,1.0,0.0005770280866933623,0.0
2020-05-14,34770,1.9191950074438704,0.8461400600385321,0.023893673222465963,0.0
2020-05-14,34800,0.0,1.0,0.00014296205702399867,0.0
2020-05-14,34860,0.2661601031077099,0.9695554352321405,0.0023911528064069617,0.0
2020-05-14,34880,0.7891716357702955,0.9315282520275028,0.0052093486824531824,0.008062263114697564
2020-05-14,35010,2.0468386257255693,0.8599665710101038,0.08983396666586377,0.14331844174387356
2020-05-14,35250,0.0,1.0,0.00010063198543446393,0.0
2020-05-14,35300,1.238347658447131,0.8658785161027314,0.005252133197249788,0.0
2020-05-14,35600,0.15683803797003468,0.9820846905537459,0.0006573195644336261,0.0
2020-05-14,35670,0.8508841312848967,0.9107726382473189,7.36287794927765e-05,0.00016215672789351093
2020-05-14,35740,1.3830135914433106,0.9083812174391306,0.009868318034138769,0.01076365892426136
2020-05-14,35760,0.0,1.0,0.0014548815766535796,0.0
2020-05-14,35780,0.0,1.0,0.0001114778830985316,0.0
2020-05-14,35800,0.0,1.0,0.00015201853118823274,0.0
2020-05-14,36070,0.0,1.0,4.7104333607621415e-05,0.0
2020-05-14,36150,0.0,1.0,0.00010063198543446393,0.0
2020-05-14,36250,1.8387171880851376,0.8644913860162223,0.025535891252110438,0.05877700738213364
2020-05-14,36300,0.0,1.0,0.00011883138705559038,0.0
2020-05-14,36370,1.1141625835500093,0.9111284940560173,0.018053809264536463,0.008162628358928593
2020-05-14,36510,0.07499447037092767,0.9916020850842192,0.005551365434797271,0.0005632227475628157
2020-05-14,36580,0.3817098163711218,0.9687920889697176,0.00452200456297636,0.0005254481761933391
2020-05-14,36630,0.42736827191653565,0.9839889591797014,0.0047969142853186665,3.219997849252232e-05
2020-05-14,36660,0.46183390440123645,0.9463672905268506,0.005429343935789871,0.0
2020-05-14,36720,1.218866841925276,0.9002788318174422,0.0470623803740231,0.012295752198453271
2020-05-14,36820,0.5453467005956698,0.9534514891669149,0.003331323121546332,0.0003947099880090887
2020-05-14,36910,1.0877713533867286,0.9011076043915189,0.02925551285929442,0.009715586706953102
2020-05-14,36950,0.0,1.0,0.0005372772570427998,0.0
2020-05-14,36960,0.0,1.0,1.1776083401905354e-05,0.0
2020-05-14,37010,2.148705636795206,0.8122376867202264,0.04491751659061941,0.0
2020-05-14,37300,0.8802054427400219,0.9076978796896298,6.808345152300805e-05,0.0001509338717507028
2020-05-14,37310,0.6764210150954809,0.9245872448071402,0.005154896761922161,2.2386750424941983e-05
2020-05-14,37340,0.6088814436696263,0.950628553739823,0.007393032769049484,0.0005429474299557565
2020-05-14,37400,0.0,1.0,0.00019484065264970676,0.0
2020-05-14,37550,0.0,1.0,8.304933508265575e-05,0.0
2020-05-14,37570,0.0,1.0,1.9413845048470205e-06,0.0
2020-05-14,37600,0.0,1.0,0.00010034568622854669,0.0
2020-05-15,30250,0.0,1.0,0.0001141904747738757,0.0
2020-05-15,30300,0.0,1.0,0.0005968332797021715,0.0
2020-05-15,30370,0.13314331418816952,0.9894145410977488,0.002041911733668028,0.0
2020-05-15,30410,0.0,1.0,0.0003263800483553858,0.0
2020-05-15,30760,0.0,1.0,0.00024424467194807017,0.0
2020-05-15,30900,0.0,1.0,3.998695956671945e-05,0.0
2020-05-15,31000,2.288282764890917,0.8267289557964901,0.28464624498829205,0.34927076763975695
2020-05-15,31820,1.0090685646634212,0.9091372472950785,0.020077203087565578,3.186154061550311e-05
2020-05-15,31900,0.3270717478536594,0.9644724471664468,0.0026464921987207402,0.0
2020-05-15,31950,0.0,1.0,0.00011838651710891533,0.0
2020-05-15,32080,1.3725839398525668,0.8794759742313312,0.030779742153685015,0.007129863907879563
2020-05-15,32250,0.0,1.0,0.00029503891788417325,0.0
2020-05-15,32260,0.2187903472725193,0.9765185540396355,0.0038660824233761643,0.0
2020-05-15,32270,0.6979662967365636,0.9547641807151156,0.006407308793081744,0.0004698545165670635
2020-05-15,32310,0.21180617629033072,0.9769222496166791,0.0016390463396371829,9.980365876842915e-07
2020-05-15,32330,0.0,1.0,0.00010375572810933507,0.0
2020-05-15,32450,0.0,1.0,0.0006811354696773785,0.0
2020-05-15,32500,0.6997761337587249,0.926618471379299,0.0013198600934069933,0.0003751047792409856
2020-05-15,32600,0.0,1.0,4.322914547753454e-05,0.0
2020-05-15,32770,0.0,1.0,7.074099435529826e-05,0.0
2020-05-15,32810,0.0,1.0,0.0006271771868538879,0.0
2020-05-15,33100,0.0,1.0,3.998695956671945e-05,0.0
2020-05-15,33200,0.0,1.0,0.00020966135556604252,0.0
2020-05-15,33220,1.125815410621008,0.9131536680001026,0.02268568239751287,0.0
2020-05-15,33360,0.9341522944397157,0.9205992587926716,0.010439686732486292,0.0
2020-05-15,33430,1.4492194996654486,0.892398104657546,0.11040694623620688,0.0400292861518081
2020-05-15,33610,0.15583288156104816,0.9871658578244575,0.0010946950788009884,0.0
2020-05-15,33620,0.5195965733644321,0.9460102012841224,0.008767566359527754,0.0
2020-05-15,33800,0.2743626115867305,0.9703640248211433,0.0012398705773690633,0.0
2020-05-15,33830,0.0,1.0,3.6964553461635734e-05,0.0
2020-05-15,33960,1.293318691791075,0.9045441595186563,0.05074255488120465,0.10148597862633595
2020-05-15,33980,2.222876315969659,0.8950816784821165,0.005694318586275387,0.0002075831365929552
2020-05-15,34420,0.0,1.0,7.67317332226238e-05,0.0
2020-05-15,34530,1.2601427355415888,0.9191995468598809,0.0038523813510986356,0.011262782810620707
2020-05-15,34580,0.3297745112583452,0.9619353232171484,0.009430717635295651,0.01144292912893139
2020-05-15,34590,1.7300345492479514,0.8689483279539901,0.07502446839778429,0.1922203167281561
2020-05-15,34710,0.0,1.0,0.0006008851221377302,0.0
2020-05-15,34770,1.467328275387086,0.872216092813828,0.024078418770532597,0.0
2020-05-15,34800,0.0,1.0,0.0001596714098606683,0.0
2020-05-15,34860,0.15175712864384042,0.9826413512842979,0.002241316796427113,0.0
2020-05-15,34880,0.762058846760032,0.9467914244886607,0.005210947089547146,0.009385527116931323
2020-05-15,35010,1.5271161939532993,0.88576511413878,0.0904419816043483,0.15716734877431152
2020-05-15,35250,0.0,1.0,0.00010158849187220618,0.0
2020-05-15,35300,1.096929567926734,0.8809425382389418,0.005228565145507803,0.0
2020-05-15,35600,0.0,1.0,0.0006192575089656823,0.0
2020-05-15,35670,0.9150388458461126,0.9040450995451343,7.745689274708619e-05,0.00020123321559672902
2020-05-15,35740,1.2797053745354043,0.9105273676151207,0.009938473052837607,0.008805027798705753
2020-05-15,35760,0.0,1.0,0.0014524992880451605,0.0
2020-05-15,35780,0.0,1.0,0.00010860260281698973,0.0
2020-05-15,35800,0.0,1.0,0.00016210929554075454,0.0
2020-05-15,36070,0.0,1.0,3.674477365590436e-05,0.0
2020-05-15,36150,0.0,1.0,9.942703459832945e-05,0.0
2020-05-15,36250,1.369840085266208,0.888929296444845,0.025893356891607877,0.06519039553412834
2020-05-15,36300,0.0,1.0,0.00011671869278934326,0.0
2020-05-15,36370,1.038715645406694,0.9211365330235989,0.018307959349322504,0.008899843023252831
2020-05-15,36510,0.03466386668848824,0.9959960575273562,0.005701303576011156,0.0005385553053666644
2020-05-15,36580,0.18163503086663607,0.9793786652393232,0.00471101853840032,0.00028617303497983763
2020-05-15,36630,0.21235501153521222,0.9914062504865386,0.004904543328214791,0.0
2020-05-15,36660,0.4196436897496038,0.9512675042015892,0.0055885423483143,0.0
2020-05-15,36720,0.9425523720207574,0.9168617257527413,0.04738168430741513,0.012024213599115161
2020-05-15,36820,0.24825658151115315,0.9760258048235546,0.003239103326313169,0.0004685888096843607
2020-05-15,36910,0.8762322478539782,0.9142661474928683,0.029123971084680223,0.009801416713074405
2020-05-15,36950,0.0,1.0,0.0005084934488748158,0.0
2020-05-15,37010,1.936560222247926,0.8293110953986982,0.044757863742591636,0.0
2020-05-15,37300,0.934231335895744,0.902032492669969,7.17516464741272e-05,0.00018936546506946963
2020-05-15,37310,0.5400462840838656,0.9379855742072323,0.004956719183863633,1.7736657502157792e-05
2020-05-15,37340,0.38149801992603755,0.9654403799748207,0.0073800567868405,0.00019611808827128742
2020-05-15,37400,0.0,1.0,0.0001923696973750287,0.0
2020-05-15,37550,0.0,1.0,8.578845617106045e-05,0.0
2020-05-15,37570,0.0,1.0,1.0732442649038756e-06,0.0
2020-05-15,37600,0.0,1.0,9.251343040823249e-05,0.0
2020-05-16,30250,0.0,1.0,0.00010995359482011539,0.0
2020-05-16,30300,0.0,1.0,0.000611115587098317,0.0
2020-05-16,30370,0.17403376317942648,0.9861640654808346,0.0021323404314341713,0.0
2020-05-16,30410,0.0,1.0,0.00032671755007354734,0.0
2020-05-16,30760,0.0,1.0,0.0002808241149461594,0.0
2020-05-16,30900,0.0,1.0,2.7317520909159475e-05,0.0
2020-05-16,31000,1.318657563515556,0.886513021027783,0.26921183809215865,0.39596455544551684
2020-05-16,31820,0.5989727046292476,0.9433353662993779,0.020267113788974438,0.0
2020-05-16,31900,0.0,1.0,0.002672743966846338,0.0
2020-05-16,31950,0.0,1.0,9.125975568154456e-05,0.0
2020-05-16,32080,0.8995844131272224,0.921173295636028,0.030244530896796937,0.008578916951203898
2020-05-16,32250,0.0,1.0,0.00028300951661889217,0.0
2020-05-16,32260,0.08172622941289259,0.9912288176172924,0.003986512335287958,0.0
2020-05-16,32270,0.4564197348101837,0.9759382766255942,0.006381918329572899,0.0006974595379905323
2020-05-16,32310,0.06940148888416146,0.9924382269452611,0.001734039086002339,0.0
2020-05-16,32330,0.0,1.0,0.00010391675442988571,0.0
2020-05-16,32450,0.2160075840029693,0.9833179979144371,0.000720519583823358,0.0
2020-05-16,32500,0.4444087270746004,0.9533973936065133,0.0012406735636612668,0.0004351248396487015
2020-05-16,32600,0.0,1.0,4.69861359637543e-05,0.0
2020-05-16,32770,0.0,1.0,6.062566057338212e-05,0.0
2020-05-16,32810,0.0,1.0,0.0006745495551198127,0.0
2020-05-16,33100,0.0,1.0,3.715182843645689e-05,0.0
2020-05-16,33200,0.0,1.0,0.00020761315890961202,0.0
2020-05-16,33220,0.5668994286135979,0.9531202067931807,0.023005556375550195,0.0
2020-05-16,33360,0.568442462016009,0.9463793568392168,0.010596747845913345,0.0
2020-05-16,33430,0.7934278253564998,0.9307287591870254,0.11403287399259233,0.021081894576986067
2020-05-16,33610,0.0,1.0,0.001107539350122965,0.0
2020-05-16,33620,0.4337741997551302,0.9538157460486528,0.008966987264081978,0.0
2020-05-16,33800,0.0,1.0,0.0013007442511207483,0.0
2020-05-16,33960,0.7253141473350024,0.9360697062214968,0.05226934287996412,0.08000715330550033
2020-05-16,33980,1.7323178875228111,0.91595276142592,0.005622524116329957,0.00039764569659647795
2020-05-16,34420,0.0,1.0,7.211825520018102e-05,0.0
2020-05-16,34530,0.48778512505908705,0.9563640537189563,0.004258562536346479,0.008633979712903757
2020-05-16,34580,0.1958506807572716,0.9773932687301187,0.010247607411882197,0.013259904995055747
2020-05-16,34590,0.8760064932499261,0.9213763888004838,0.0765877580658758,0.17655300273495816
2020-05-16,34710,0.0,1.0,0.0005889657508014783,0.0
2020-05-16,34770,0.6060114234947124,0.9383840336427562,0.024047376381667557,0.0
2020-05-16,34800,0.0,1.0,0.00012960166686968477,0.0
2020-05-16,34860,0.0,1.0,0.002363752830515926,0.0
2020-05-16,34880,0.3596985186239655,0.9686198688178871,0.005368762072577338,0.011234267460089207
2020-05-16,35010,0.9194193820684858,0.9218892415944238,0.09403641752687912,0.16333791561667704
2020-05-16,35250,0.0,1.0,8.523066523657757e-05,0.0
2020-05-16,35300,0.7695088888895252,0.9158184902459712,0.005153177144303843,0.0
2020-05-16,35600,0.0,1.0,0.0005998927591651421,0.0
2020-05-16,35670,0.5717689684441876,0.9400418521035443,7.595454594737727e-05,0.00022267391856499967
2020-05-16,35740,0.6419139026086363,0.9536448314266225,0.010039976089137518,0.007844412917251839
2020-05-16,35760,0.0,1.0,0.0015002782483310383,0.0
2020-05-16,35780,0.0,1.0,0.00010264445042721654,0.0
2020-05-16,35800,0.0,1.0,0.00014860731374582756,0.0
2020-05-16,36070,0.0,1.0,4.2615332618288785e-05,0.0
2020-05-16,36150,0.0,1.0,0.00010052847694570687,0.0
2020-05-16,36250,0.768100198744248,0.9308354114621118,0.02673777915383004,0.061294633002331185
2020-05-16,36300,0.0,1.0,0.00011691898949120255,0.0
2020-05-16,36370,0.5138845837899092,0.9551198865880773,0.017991011893745728,0.010068488811649996
2020-05-16,36510,0.010327521252413433,0.9988045202497675,0.006176423460160509,0.0004016839334256129
2020-05-16,36580,0.13356919986356267,0.9848621916145462,0.00505972514573899,0.0002037452490315373
2020-05-16,36630,0.0,1.0,0.004992535210286085,0.0
2020-05-16,36660,0.21674098037085632,0.9748291938391652,0.0057303095291715836,0.0
2020-05-16,36720,0.4698074082427039,0.953445234543948,0.049445734885073415,0.011307513224646671
2020-05-16,36820,0.0,1.0,0.0034166542492622696,0.0
2020-05-16,36910,0.4812871703777467,0.9490788508275559,0.028909178695757893,0.0125780820812686
2020-05-16,36950,0.0,1.0,0.0005278439321561842,0.0
2020-05-16,36960,0.0,1.0,2.294671756369396e-05,0.0
2020-05-16,37010,1.1844242834128738,0.8918624889913291,0.04419810862747994,0.0
2020-05-16,37300,0.5848354387483927,0.9386716459499718,6.982146244173452e-05,0.0002108764693821135
2020-05-16,37310,0.2412859775060134,0.9723037141404017,0.004962665472002931,1.2632211602086068e-05
2020-05-16,37340,0.2227189294702536,0.9757075334244577,0.007376893433477361,0.0004883882652392098
2020-05-16,37400,0.0,1.0,0.00018466644134591806,0.0
2020-05-16,37550,0.0,1.0,8.871014839626542e-05,0.0
2020-05-16,37570,0.0,1.0,1.7928293488263145e-06,0.0
2020-05-16,37600,0.0,1.0,8.48653149804377e-05,0.0
2020-05-17,30250,0.0,1.0,0.00010200924974514283,0.0
2020-05-17,30300,0.0,1.0,0.0006329910303166424,0.0
2020-05-17,30370,0.21430210211408057,0.980952346126237,0.002204789235447359,0.0
2020-05-17,30410,0.0,1.0,0.0003058174787404502,0.0
2020-05-17,30760,0.0,1.0,0.00024013133013774788,0.0
2020-05-17,30900,0.0,1.0,4.7380172762604966e-05,0.0
2020-05-17,31000,1.1927119474322512,0.8944675871786665,0.2688901518083584,0.527301433911868
2020-05-17,31820,0.5824598286252869,0.944733660026925,0.0202635997447318,0.0
2020-05-17,31900,0.13772124144331033,0.9850420182286062,0.0028076021794407233,0.0
2020-05-17,31950,0.0,1.0,8.83252707241618e-05,0.0
2020-05-17,32080,0.8595384455332533,0.9219116655430811,0.030181677054148554,0.008987257800719323
2020-05-17,32250,0.0,1.0,0.0003004333681992451,0.0
2020-05-17,32260,0.08109858509585068,0.9912961788893809,0.003958986176964478,0.0
2020-05-17,32270,0.4665150342259865,0.9733528524399092,0.006470559513939114,0.000872391308434559
2020-05-17,32310,0.00023913849008467395,0.9999884046059557,0.0017118553784527728,0.0
2020-05-17,32330,0.0,1.0,0.00010213218261133376,0.0
2020-05-17,32450,0.2533516764909017,0.9803521267650592,0.0007225255352681067,3.364216110483499e-05
2020-05-17,32500,0.26981374425153487,0.9717061728160067,0.0012286933507914216,0.00022025550226963705
2020-05-17,32600,0.0,1.0,2.5843730597784524e-05,0.0
2020-05-17,32770,0.0,1.0,6.242982442958122e-05,0.0
2020-05-17,32810,0.0,1.0,0.0006548895005081489,0.0
2020-05-17,33100,0.0,1.0,3.6611951680194745e-05,0.0
2020-05-17,33200,0.0,1.0,0.0002175180658646864,0.0
2020-05-17,33220,0.6396121892512069,0.952360104971461,0.022852005672546055,0.0
2020-05-17,33360,0.6629737838139197,0.9402713000734398,0.010636847020667965,0.0
2020-05-17,33430,0.9178678246618206,0.9315261494389105,0.11312832039436038,0.018987593947473493
2020-05-17,33610,0.0,1.0,0.0010898880339433674,0.0
2020-05-17,33620,0.3987204545541435,0.9569863369895838,0.00891225354234485,0.0
2020-05-17,33800,0.0,1.0,0.0012331974125889145,0.0
2020-05-17,33960,1.1307985646018597,0.915336430586511,0.05295565984569756,0.05799175862930627
2020-05-17,33980,2.0869675533672303,0.8945034579703462,0.006000585143559104,0.0003754532443588031
2020-05-17,34420,0.0,1.0,7.537754757687153e-05,0.0
2020-05-17,34530,0.9012797985141077,0.9493004615953634,0.004203179070333181,0.006804738109889996
2020-05-17,34580,0.2175079065906068,0.9748933428202236,0.010195156321437918,0.009967138816688823
2020-05-17,34590,1.1326939440332597,0.9091416208065141,0.07686409501337774,0.155328355892042
2020-05-17,34710,0.0,1.0,0.0005771766500171877,0.0
2020-05-17,34770,0.7535182859999173,0.9306540759595748,0.02408434400424469,0.0
2020-05-17,34800,0.847826713218927,0.906526076713784,0.00011308842072692645,8.840898278089477e-06
2020-05-17,34860,0.07295009069982931,0.9916556473520999,0.002322864189256933,0.0
2020-05-17,34880,0.4451007684326188,0.9594355801890871,0.005382769245902479,0.006663017343787377
2020-05-17,35010,1.177698784658306,0.9135819493666592,0.09459834102956759,0.11020830166795936
2020-05-17,35250,0.0,1.0,8.399212444279971e-05,0.0
2020-05-17,35300,0.6951576613544577,0.9248042851256696,0.00522689451340192,0.0
2020-05-17,35600,0.0,1.0,0.0006224031785633106,0.0
2020-05-17,35670,0.3319175108354539,0.9651937053207914,7.477307427611072e-05,0.0001234541414828124
2020-05-17,35740,0.37680126317393015,0.9651682356646563,0.009770446512611212,0.011636764330101797
2020-05-17,35760,0.0,1.0,0.001526933749485769,0.0
2020-05-17,35780,0.0,1.0,9.723220544317597e-05,0.0
2020-05-17,35800,0.0,1.0,0.00015398556147846614,0.0
2020-05-17,36070,0.0,1.0,4.6303350654363944e-05,0.0
2020-05-17,36150,0.0,1.0,8.937623498400482e-05,0.0
2020-05-17,36250,1.081373565790485,0.9182935919440908,0.02694447738390359,0.044393723091103385
2020-05-17,36300,0.0,1.0,0.00012491136455595854,0.0
2020-05-17,36370,0.518385565270494,0.9526282480779452,0.01793736029721047,0.01021267348764795
2020-05-17,36510,0.00826503631243277,0.9990545376160216,0.006106427244582935,0.0002289725028329976
2020-05-17,36580,0.1399949009820572,0.9843841392250656,0.004949704839873839,0.0001632340130834206
2020-05-17,36630,0.08505009306628884,0.9965581259861763,0.0050057479334392465,0.0
2020-05-17,36660,0.24511084160394583,0.971534513356102,0.005560869269219475,0.0
2020-05-17,36720,0.5160403603516855,0.9534353951030837,0.04946243417449767,0.004781721755698146
2020-05-17,36820,0.03394878677102352,0.9963631583904714,0.003414424856863486,7.583676092214918e-05
2020-05-17,36910,0.4786264532934241,0.9513703711924133,0.028704286946302563,0.012292405062071089
2020-05-17,36950,0.0,1.0,0.0005337855499860628,0.0
2020-05-17,37010,1.204766044683205,0.8928944067005776,0.04423669465494095,9.52160364862866e-07
2020-05-17,37300,0.3447774437710368,0.9638451575620902,6.846681803219236e-05,0.00011551670062710842
2020-05-17,37310,0.1390130458113828,0.9840408184987843,0.0049255667588972325,0.0
2020-05-17,37340,0.17367105264606306,0.9810572983105722,0.007503708848835712,0.00045840291661930927
2020-05-17,37400,0.0,1.0,0.00018305975840097373,0.0
2020-05-17,37550,0.0,1.0,7.382221580167103e-05,0.0
2020-05-17,37570,0.0,1.0,5.114353343942028e-07,0.0
2020-05-17,37600,0.0,1.0,8.929745197044159e-05,0.0
