date,start,n,km,stay
2020-04-04,20660,19172.095442832982,0.0013935894025120697,0.9992787195459947
2020-04-04,20910,13697.551519794692,0.0013556723790443407,0.9992970653798007
2020-04-04,21110,24002.403551254287,0.003270902598727052,0.9984692098255378
2020-04-04,21180,47082.35719047259,0.00791039387335325,0.9961679962502541
2020-04-04,21450,23693.250076143187,0.0,1.0
2020-04-04,21610,79064.44986358723,0.0003212772142077436,0.9998331579258048
2020-04-04,21890,27757.23300071442,0.005175647832552707,0.9973209273017214
2020-04-04,22170,31334.26695419849,0.0013490557975692553,0.9992978932606862
2020-04-04,22310,24467.794921183322,0.005188646199057303,0.9974154879147736
2020-04-04,22670,43250.95573094583,0.017411447788652022,0.9910327032776934
2020-04-04,22750,50006.345551887454,0.0019613495313027217,0.9989801294328321
2020-04-04,23110,15194.389651433881,3.4531919606670814e-05,0.9999821104919653
2020-04-04,23270,52176.76782562144,0.006036934974252287,0.9972784822456888
2020-04-04,23430,27937.777081234904,0.0023846292536562324,0.9988275931155278
2020-04-04,23670,30676.595527647663,0.0,1.0
2020-04-04,24210,17297.57846455477,0.0,1.0
2020-04-04,24330,19775.450260499187,0.017070560207951092,0.9932429835641432
2020-04-04,24410,20173.99633749429,0.0012437951807820588,0.9993556061088482
2020-04-04,24600,44255.122329607,0.09625580660265698,0.966197882846377
2020-04-04,24650,38250.417744421815,0.007158569149665437,0.9964706267810712
2020-04-04,24970,31072.72672092143,0.0030820020270343152,0.9984013667155628
2020-04-04,25060,21510.32839155768,0.003997477257703424,0.9989720708895712
2020-04-04,25250,32060.640124788384,0.0042584934164390876,0.9979390202747767
2020-04-04,25340,28564.252286979638,0.0,1.0
2020-04-04,25710,10381.62516238265,0.0,1.0
2020-04-04,25900,22753.361605000275,0.0632381226426033,0.9735233512670657
2020-04-04,26080,225.2657559533208,0.0,1.0
2020-04-04,26350,19029.63057001657,0.032002217965754455,0.9848016252366166
2020-04-04,26980,26155.59406733203,0.006976137752781995,0.9986795852475441
2020-04-04,27260,71236.38272249514,0.0012993939668710095,0.9993261870105479
2020-04-04,27350,17257.34603492519,0.04326848621106239,0.9793057197299241
2020-04-05,20660,19115.622463894328,0.0,1.0
2020-04-05,20910,13559.17811961069,0.0027863999448221656,0.9991715404671281
2020-04-05,21110,24077.59570190452,0.006524970111625798,0.9981557056082004
2020-04-05,21180,46513.039074427215,0.0017656299380420096,0.999290521525648
2020-04-05,21450,23150.80444122022,0.0,1.0
2020-04-05,21610,77785.20541719736,0.0005000463684262154,0.999740321536628
2020-04-05,21890,27749.51645320861,0.0049794473243015705,0.9994234133763383
2020-04-05,22170,30545.799933981467,0.0,1.0
2020-04-05,22310,24639.177449168033,0.006773700376848474,0.9974199563839823
2020-04-05,22670,42622.65008558224,0.011023985972296056,0.9942764094000985
2020-04-05,22750,48962.604272889344,0.0,1.0
2020-04-05,23110,14969.243150099172,9.900455746899056e-07,0.9999994870704357
2020-04-05,23270,51503.4841069852,0.001991243068095511,0.9990680242155988
2020-04-05,23430,27693.13964129459,0.0012414213739567175,0.9993555711543503
2020-04-05,23670,30240.964911971092,0.0,1.0
2020-04-05,24210,17317.445466669476,0.0,1.0
2020-04-05,24330,19719.36630619504,0.02234219503171344,0.9944868556779264
2020-04-05,24410,19804.624167216465,0.0,1.0
2020-04-05,24600,43798.821688347874,0.08029661119496448,0.9684383138175966
2020-04-05,24650,37476.24192970232,0.0023216642676271732,0.9987992392597846
2020-04-05,24970,31117.96736645474,0.0,1.0
2020-04-05,25060,21386.360491307314,0.009666878657028624,0.9979748150173885
2020-04-05,25250,31974.42646463056,0.016936837685844572,0.9963490670686835
2020-04-05,25340,27772.27292233284,0.0,1.0
2020-04-05,25710,10382.161636934054,0.0,1.0
2020-04-05,25900,22863.54754621476,0.07405161597891978,0.9740459926565022
2020-04-05,26080,232.4300657622016,0.0,1.0
2020-04-05,26350,19150.506538467936,0.03611673817865905,0.9857555095673594
2020-04-05,26980,26054.686343691676,0.0014814620670155771,0.9992323837740291
2020-04-05,27260,70023.885689234,0.006177263562961946,0.9991717112035543
2020-04-05,27350,17252.11727564065,0.038754291017639296,0.9826418594841445
2020-04-06,20660,17344.000348906902,0.0,1.0
2020-04-06,20910,12472.986041328859,0.003842213379364874,0.9992137577652438
2020-04-06,21110,22712.97165309755,0.016609172059984096,0.9941928195050191
2020-04-06,21180,41615.22513754528,0.01454780709506103,0.9969936900467404
2020-04-06,21450,19049.22945436814,0.0,1.0
2020-04-06,21610,65544.39383657766,0.0002543284496162812,0.9998679250062428
2020-04-06,21890,25703.853432440304,0.03784182390394659,0.995467718077431
2020-04-06,22170,26219.578655900477,0.003821083101500901,0.9981693069659913
2020-04-06,22310,22694.76506341226,0.0243070245635006,0.9958283157445286
2020-04-06,22670,38031.93926445656,0.011863772080373777,0.9938407779671155
2020-04-06,22750,43235.1318005872,0.0013505184621941796,0.9994217665366372
2020-04-06,23110,13795.06703174097,0.006574614171929049,0.9992588737833936
2020-04-06,23270,46086.332211140456,0.007749737164458037,0.9969811540701876
2020-04-06,23430,24972.729470469265,0.001273880036891083,0.9993387750281679
2020-04-06,23670,26623.61586267473,0.0,1.0
2020-04-06,24210,15490.265450810726,0.0,1.0
2020-04-06,24330,18455.02546418028,0.053822622040763164,0.988925238077725
2020-04-06,24410,17569.258920685337,0.0,1.0
2020-04-06,24600,47697.293133297535,0.3942607708457667,0.9171468297669376
2020-04-06,24650,32135.37194981007,0.010388438015071081,0.998429368759876
2020-04-06,24970,29213.961935487638,0.01061220468595096,0.9973100713229137
2020-04-06,25060,19375.41467521288,0.02869101234028142,0.9952218530718968
2020-04-06,25250,29511.50719773317,0.040585105113522014,0.9920701884353172
2020-04-06,25340,23847.836713673256,0.0,1.0
2020-04-06,25710,8843.555538730829,0.0,1.0
2020-04-06,25900,21950.61484886229,0.1280525463094405,0.9584347457852715
2020-04-06,26080,211.2858132980573,0.0,1.0
2020-04-06,26350,18541.57932405816,0.08191883858280562,0.9725956423083612
2020-04-06,26980,24030.64999748228,0.005622506019146212,0.9995838647726528
2020-04-06,27260,61428.161486534016,0.017060507243101354,0.9992709339287232
2020-04-06,27350,16915.040239935544,0.0941791347164069,0.9648806334972222
2020-04-07,20660,17405.662519663238,0.018136589532186047,0.9975857413286207
2020-04-07,20910,12518.513491707006,0.005136415937673855,0.9987608308097415
2020-04-07,21110,22965.388508258213,0.025167197217768975,0.9914755953438988
2020-04-07,21180,41593.78331671092,0.014120866154282465,0.9958769405125657
2020-04-07,21450,19080.1374681305,0.0,1.0
2020-04-07,21610,65129.8353676891,0.0010752258913077578,0.9996258731214025
2020-04-07,21890,25580.880844560506,0.028594989049429843,0.9953392394390853
2020-04-07,22170,26250.28031957311,0.006808121976015902,0.9969143186657857
2020-04-07,22310,22689.715167392827,0.023126005464760343,0.9953097690289949
2020-04-07,22670,38295.06612560046,0.040790911992821144,0.9898470005790069
2020-04-07,22750,43532.78154964863,0.00520968792071982,0.997725851726541
2020-04-07,23110,13950.907635370753,0.000367845858068802,0.999969256214283
2020-04-07,23270,46196.34074512234,0.020613676849533913,0.9939073658543761
2020-04-07,23430,25001.020368908994,0.0031041189830601622,0.9985226138777643
2020-04-07,23670,26625.565969953248,0.0,1.0
2020-04-07,24210,15513.726204105615,0.0,1.0
2020-04-07,24330,18565.823553775415,0.06321210636979473,0.9860533600787449
2020-04-07,24410,17547.675351371206,0.01810077748313679,0.9971506197260429
2020-04-07,24600,48243.84313641425,0.4697859303544071,0.9084330864165239
2020-04-07,24650,31999.912784329692,0.010323604270958872,0.9991061895236982
2020-04-07,24970,28885.630610732,0.003111842974980419,0.9983854507518549
2020-04-07,25060,19569.67419607757,0.0262707269040579,0.9936052783756026
2020-04-07,25250,29594.62974684646,0.047475693802695305,0.9895436520312384
2020-04-07,25340,24063.001699749784,0.0011165084710697821,0.9994181939487564
2020-04-07,25710,8818.987000298335,0.0,1.0
2020-04-07,25900,22014.579530538485,0.14105176809246456,0.9522872826767292
2020-04-07,26080,217.0554152569456,0.0,1.0
2020-04-07,26350,18543.1416054958,0.09238508847840045,0.9675551607899359
2020-04-07,26980,24091.85814193226,0.015061572438516621,0.9956831889268438
2020-04-07,27260,61330.319258594915,0.015068913101338613,0.9982918121336516
2020-04-07,27350,17086.380911206896,0.11511711675098657,0.9576061105861813
2020-04-08,20660,17101.41319770132,0.007360091198889065,0.9985279615942622
2020-04-08,20910,12381.465018264178,0.0066822389222547015,0.9985107624768338
2020-04-08,21110,22587.718626685233,0.029856565152068523,0.9927837607349423
2020-04-08,21180,41468.49641329906,0.027722253106392165,0.9947431571431562
2020-04-08,21450,19033.078252438132,0.0,1.0
2020-04-08,21610,64934.84767679023,0.0008578718709260347,0.9995540977511262
2020-04-08,21890,25382.702713651663,0.019106443473832592,0.995782154378323
2020-04-08,22170,26112.834207520078,0.007635429699648292,0.9964385328968536
2020-04-08,22310,22390.965943519695,0.023386757209439932,0.9944138052604081
2020-04-08,22670,37949.39731601501,0.02185210321281888,0.992350461530232
2020-04-08,22750,43433.453024193885,0.011256419623514799,0.9959248001787607
2020-04-08,23110,13812.455280485476,0.012547886707176532,0.9985251271208481
2020-04-08,23270,45972.670950926,0.015186312001993052,0.994019319643904
2020-04-08,23430,24936.729649450204,0.0027792593038658436,0.9986791872976022
2020-04-08,23670,26388.555169788295,0.0,1.0
2020-04-08,24210,15355.996544599213,0.0,1.0
2020-04-08,24330,18336.317073383496,0.06492336122641408,0.9854244381577387
2020-04-08,24410,17495.451826498273,0.015111435862052276,0.9987425303319872
2020-04-08,24600,47732.18518268224,0.4221293370124997,0.9083723461284113
2020-04-08,24650,31906.843606205468,0.01119158922209499,0.995496227233371
2020-04-08,24970,28908.45595575312,0.018152474829879823,0.9964797646021529
2020-04-08,25060,19294.597431897244,0.034905836676431524,0.9935379334110761
2020-04-08,25250,29199.617330794234,0.047807907458349876,0.9899644978159586
2020-04-08,25340,23882.975890850576,0.001928442037655757,0.9989951001035347
2020-04-08,25710,8683.453956811052,0.0,1.0
2020-04-08,25900,21803.032114137968,0.15983676722516676,0.947492751225957
2020-04-08,26080,219.3251019287173,0.0,1.0
2020-04-08,26350,18367.674427499573,0.09923388860895271,0.9658320973861874
2020-04-08,26980,23684.888208462693,0.009887084836329937,0.9976641274769804
2020-04-08,27260,61029.952069978885,0.01651011892731809,0.9982467625097048
2020-04-08,27350,16897.84770261972,0.12028658390557512,0.9549575312163721
2020-04-09,20660,17359.28611420697,0.001524833582546758,0.9992107510466156
2020-04-09,20910,12340.443222069684,0.004204164042270243,0.9986707055693633
2020-04-09,21110,22409.323477429658,0.025649815183608652,0.9914750784367146
2020-04-09,21180,42435.25792147273,0.023931860456676776,0.9944249444346611
2020-04-09,21450,19956.796684157358,0.0013494284066124555,0.9992984846104529
2020-04-09,21610,67890.88891799387,0.0011720132217670565,0.9993906866934729
2020-04-09,21890,25673.037187126294,0.0225706888121025,0.9955273093088356
2020-04-09,22170,26945.72232656536,0.010451896829180716,0.9956950495297862
2020-04-09,22310,22278.419903628706,0.020108653779749307,0.9952557144183505
2020-04-09,22670,39307.58594967233,0.013977423721839523,0.9930500841090801
2020-04-09,22750,44210.69212829424,0.009282063192402344,0.9968559641727246
2020-04-09,23110,14002.648959751725,0.011970915334947745,0.9985521517312618
2020-04-09,23270,46969.7702072828,0.01243314645530154,0.9948787371066659
2020-04-09,23430,25284.272595289316,0.001834844302175851,0.999143742687889
2020-04-09,23670,26907.316272337903,0.0,1.0
2020-04-09,24210,15550.36107083944,0.0,1.0
2020-04-09,24330,18531.50119264931,0.051210138145032585,0.9855805458838425
2020-04-09,24410,17908.39695114862,0.00182931305861482,0.9993299232738287
2020-04-09,24600,46772.67558276233,0.4628363826085081,0.9091662630894356
2020-04-09,24650,32967.02181135871,0.009045260874308528,0.9954590339220094
2020-04-09,24970,28921.579619662043,0.008312012713017864,0.9973865031030561
2020-04-09,25060,19355.29788178557,0.018565070241512077,0.9959303625937008
2020-04-09,25250,29320.662836068972,0.0339148457507525,0.9919058559572472
2020-04-09,25340,24773.93336187584,0.001316854356437019,0.9993137948765874
2020-04-09,25710,8906.5860345171,0.0,1.0
2020-04-09,25900,21530.18122622208,0.12809124875476885,0.9526912650450826
2020-04-09,26080,226.66524404408977,0.0,1.0
2020-04-09,26350,18204.574283990096,0.0863827822386812,0.9690993439245806
2020-04-09,26980,24070.90136245033,0.003616982929017016,0.998125806499357
2020-04-09,27260,62624.59933937358,0.003171781663408045,0.9985468968909987
2020-04-09,27350,16584.36814266631,0.10769414930084831,0.95975791170588
2020-04-10,20660,19110.35245034581,0.0,1.0
2020-04-10,20910,13173.145750200216,0.001096386612383436,0.9994315085865282
2020-04-10,21110,23780.637890551192,0.0034354285696568654,0.9983992233754504
2020-04-10,21180,47737.640040159284,0.0027761900715751278,0.9986579799995448
2020-04-10,21450,23501.487506887832,0.0,1.0
2020-04-10,21610,80002.72190731668,0.0001389103076168478,0.999927862659333
2020-04-10,21890,27838.341411440146,0.0007996459905740886,0.9997317319151263
2020-04-10,22170,31157.334946822324,0.0,1.0
2020-04-10,22310,24270.452534852833,0.005266851913216239,0.9975021865831103
2020-04-10,22670,43639.79399316083,0.011783544533998965,0.9939546675315306
2020-04-10,22750,49604.96570357868,0.0003876901649379949,0.9997984072792278
2020-04-10,23110,14999.368933921194,2.7233292583516715e-05,0.9999858907900209
2020-04-10,23270,52612.101784538325,0.006506428542018548,0.9990496483070613
2020-04-10,23430,27944.19935135464,0.0011882220755425035,0.999448481144243
2020-04-10,23670,30869.23228361474,0.0,1.0
2020-04-10,24210,17191.334705642075,0.0,1.0
2020-04-10,24330,19803.178808087403,0.012692457281351396,0.993707959518224
2020-04-10,24410,20033.36361708454,0.0,1.0
2020-04-10,24600,42717.19298991004,0.0732322134836302,0.9687084148925036
2020-04-10,24650,38477.663598577186,0.0,1.0
2020-04-10,24970,30952.70608734236,0.0008716904600000885,0.9995476970588453
2020-04-10,25060,21340.173060073055,0.0015846022928310479,0.9995599075632476
2020-04-10,25250,31893.140042250554,0.006682537961252371,0.996973751507414
2020-04-10,25340,28373.539644341872,0.0,1.0
2020-04-10,25710,10266.617244568986,0.0,1.0
2020-04-10,25900,22258.04434995009,0.05215224102912068,0.9771007099049036
2020-04-10,26080,252.70411964534324,0.0,1.0
2020-04-10,26350,18716.320626989327,0.035235362720583044,0.9839601575920399
2020-04-10,26980,26195.196827488875,0.0,1.0
2020-04-10,27260,71400.96692886212,0.0,1.0
2020-04-10,27350,16705.547081508008,0.03170965065997539,0.9848567397701928
2020-04-11,20660,18778.123340125716,0.0012327168434106718,0.9993619903949692
2020-04-11,20910,13081.899714293884,0.0012198399453230313,0.9993673130582299
2020-04-11,21110,23053.82093114523,0.003294493456531974,0.9986343656742876
2020-04-11,21180,46479.97934087922,0.007316547743224888,0.9963008236895904
2020-04-11,21450,23465.154668562114,0.0,1.0
2020-04-11,21610,78389.17050146376,0.0008886317062433104,0.999538212454804
2020-04-11,21890,27065.28799721088,0.0060796766809537205,0.9968529414738548
2020-04-11,22170,30814.640366794818,0.002866298575705977,0.9986694636214486
2020-04-11,22310,23505.832264466124,0.007609320779551787,0.9962648224814171
2020-04-11,22670,42540.637086016,0.01706771516951473,0.9913636637221834
2020-04-11,22750,49058.45126853261,0.0012152280840114587,0.9993681007207033
2020-04-11,23110,14675.840513050955,0.00024680262019124137,0.9998720322668815
2020-04-11,23270,51472.70608472041,0.009728180707727537,0.9953279943613731
2020-04-11,23430,27295.296669593172,0.0035577566875866057,0.998242435459051
2020-04-11,23670,30056.25056231397,0.0,1.0
2020-04-11,24210,16845.87636519998,0.0,1.0
2020-04-11,24330,19287.988521559764,0.015617354047404745,0.9939155202404748
2020-04-11,24410,19639.517917773923,0.002653569068172971,0.9986252208372404
2020-04-11,24600,42036.388386531406,0.07973974335867812,0.9665579543285175
2020-04-11,24650,37653.901473534934,0.006561971397956004,0.9968257319643596
2020-04-11,24970,30034.754933144355,0.002670648902461849,0.9986146747676911
2020-04-11,25060,20898.534988579617,0.0073917282109933445,0.997462904060374
2020-04-11,25250,30964.583414680765,0.006121122680918249,0.997069460545344
2020-04-11,25340,28308.93983087401,0.0,1.0
2020-04-11,25710,10247.506006737814,0.0,1.0
2020-04-11,25900,21752.452394084543,0.05108537595165965,0.9777451393247467
2020-04-11,26080,269.13376398954955,0.0,1.0
2020-04-11,26350,18188.560671410614,0.036290362235176885,0.9833734318503103
2020-04-11,26980,25197.375376482178,0.0020681376247856154,0.9989284598258118
2020-04-11,27260,69738.54647980152,0.0009784809325889161,0.9994926014407536
2020-04-11,27350,16525.728535667018,0.04260119304863059,0.979759537932534
2020-04-12,20660,18887.77523647558,0.0,1.0
2020-04-12,20910,13227.24919177932,0.001585857754123349,0.9991777111230438
2020-04-12,21110,23182.950247043485,0.0021980013311643613,0.9990591853577735
2020-04-12,21180,46957.21434108238,0.0020382221768245625,0.9990416808017372
2020-04-12,21450,23786.228102163357,0.0,1.0
2020-04-12,21610,79328.6061877553,0.0003202073932185381,0.9998337134932245
2020-04-12,21890,27089.32480471933,0.0,1.0
2020-04-12,22170,30724.84784951916,0.0,1.0
2020-04-12,22310,23920.90822504026,0.004635545528592884,0.997596322702229
2020-04-12,22670,43018.334132988566,0.00802973918995664,0.9958311012926411
2020-04-12,22750,49203.85462493307,0.0,1.0
2020-04-12,23110,14983.58649660761,0.0,1.0
2020-04-12,23270,52286.044619800196,0.0014276979395004344,0.9993497308842688
2020-04-12,23430,27364.062377484086,0.0008074368049520687,0.999580850040769
2020-04-12,23670,30351.0938963619,0.0,1.0
2020-04-12,24210,16983.951834173382,0.0,1.0
2020-04-12,24330,19272.578705793283,0.00776728718348259,0.9969957691672678
2020-04-12,24410,19923.435734201295,0.0,1.0
2020-04-12,24600,41656.66071086942,0.06924157012225539,0.9711631021159947
2020-04-12,24650,38142.483449967556,0.0019262739161648031,0.9990037355577581
2020-04-12,24970,30491.476481973852,0.0011226865865842698,0.9994178687955694
2020-04-12,25060,21090.40925519866,0.0037048972810800793,0.9991041010783799
2020-04-12,25250,31250.572693092687,0.006175788036564056,0.9986708783200258
2020-04-12,25340,28518.208313947383,0.0,1.0
2020-04-12,25710,10410.94438289741,0.0,1.0
2020-04-12,25900,21629.890123379664,0.04820528721737732,0.9773896662776219
2020-04-12,26080,265.4627966367177,0.0,1.0
2020-04-12,26350,18030.914677067172,0.02842456525576066,0.9864280794003856
2020-04-12,26980,25389.124886449772,0.0011402233138833502,0.9994091958636981
2020-04-12,27260,70638.7820723219,0.00038218489746297236,0.9998018085874462
2020-04-12,27350,16377.645841923384,0.025085533831803158,0.9878057977466264
2020-04-13,20660,18405.730150927382,0.0,1.0
2020-04-13,20910,13073.194055349848,0.0003682563618945881,0.9998090540532611
2020-04-13,21110,23306.793421188864,0.004350692968586189,0.998205628139657
2020-04-13,21180,45106.210834893915,0.004958170805084166,0.9986125838664527
2020-04-13,21450,22115.72907995562,0.0,1.0
2020-04-13,21610,75268.489286067,0.000168739976290073,0.9999123718508538
2020-04-13,21890,26914.078304921928,0.006996694614378916,0.999108177824553
2020-04-13,22170,29468.091173324254,0.0,1.0
2020-04-13,22310,23834.397887143063,0.005167589310430798,0.9975876479538877
2020-04-13,22670,41226.98833310347,0.009205301369686326,0.9952208728269784
2020-04-13,22750,47143.141510454974,0.0,1.0
2020-04-13,23110,14489.230702211085,3.719435170914852e-06,0.9999995182523975
2020-04-13,23270,50124.03194366295,0.003824738153869602,0.9980236273027849
2020-04-13,23430,26631.604519448232,0.0008228987287911236,0.9995728630852136
2020-04-13,23670,29186.571359848127,0.0,1.0
2020-04-13,24210,16450.898442935417,0.0,1.0
2020-04-13,24330,19216.704553242016,0.0198012443177975,0.9941643159965188
2020-04-13,24410,19185.45119624212,0.0,1.0
2020-04-13,24600,42687.08829421117,0.08008060205429177,0.965687600236036
2020-04-13,24650,36024.28448820895,0.0017711340611936438,0.9990839512715152
2020-04-13,24970,30045.78843323844,0.0,1.0
2020-04-13,25060,20724.245424167482,0.006011953818491263,0.9987337112444108
2020-04-13,25250,31109.831237861454,0.010201867710954046,0.9969445164578123
2020-04-13,25340,26123.760119313363,0.0,1.0
2020-04-13,25710,9722.612869528386,0.0,1.0
2020-04-13,25900,21778.02748937444,0.054751492119770595,0.9767916229979571
2020-04-13,26080,232.78352296547624,0.0,1.0
2020-04-13,26350,18326.79379851914,0.03673779141157489,0.9843795175037675
2020-04-13,26980,25045.029041146536,0.0,1.0
2020-04-13,27260,68279.23430971065,0.004779227831219815,0.9997949596221818
2020-04-13,27350,16636.644607033108,0.045701921818873656,0.97843989738481
2020-04-14,20660,17193.302547322543,0.0025941822579514545,0.9986572092339338
2020-04-14,20910,12286.43318130165,0.0031502082188217036,0.9990364655189672
2020-04-14,21110,22399.88166103998,0.020122573641073043,0.9933915410439002
2020-04-14,21180,41530.76076536842,0.019136780472616136,0.99431629503661
2020-04-14,21450,19250.688426025765,0.0,1.0
2020-04-14,21610,65760.85968014946,0.0012079702168609294,0.9995703764526594
2020-04-14,21890,25287.39347000624,0.02314629869835236,0.9950972830938911
2020-04-14,22170,26064.925992041033,0.00885915354995003,0.9963936210665358
2020-04-14,22310,22325.1808527706,0.03347721681458879,0.9940124648147731
2020-04-14,22670,38177.250999766744,0.020428323109372558,0.9903663061140515
2020-04-14,22750,43442.04833066579,0.006715004478073678,0.997398833518625
2020-04-14,23110,13639.36582905067,0.00025592104641228536,0.999902311719204
2020-04-14,23270,46013.94310954473,0.012832781482096907,0.9947646786682655
2020-04-14,23430,24736.088634643296,0.0029320574540280357,0.9985888026861273
2020-04-14,23670,26479.332761693295,0.0,1.0
2020-04-14,24210,15274.09149286113,0.0,1.0
2020-04-14,24330,18341.108911761025,0.05431626694650171,0.9854752808540341
2020-04-14,24410,17497.798583746826,0.005356442203226981,0.9974853979608115
2020-04-14,24600,45714.809937892205,0.38264946139103273,0.915592632206486
2020-04-14,24650,31997.014399009386,0.003565208052289862,0.9981560779620168
2020-04-14,24970,28428.574305431634,0.007223398338163555,0.9976243523873017
2020-04-14,25060,19399.83508558342,0.028654229149872444,0.9938552187186828
2020-04-14,25250,29045.02298422386,0.04781214176143348,0.9900767438091559
2020-04-14,25340,23774.470327822924,0.0012914955708697164,0.9993270091918188
2020-04-14,25710,8856.548543576499,0.0,1.0
2020-04-14,25900,21431.91876379441,0.13101013886647966,0.953007877727562
2020-04-14,26080,213.56028021060547,0.0,1.0
2020-04-14,26350,18043.653031874623,0.09137167692776756,0.9680760164297096
2020-04-14,26980,23768.985444539543,0.012749025760329071,0.9971812006803432
2020-04-14,27260,61598.76279691579,0.013278948496117065,0.9980056969815775
2020-04-14,27350,16591.466298974377,0.11404828685904565,0.9550892719421861
2020-04-15,20660,16918.561156605072,0.0025330353011576265,0.9986893721744918
2020-04-15,20910,12292.494331537267,0.003681201153524227,0.9987950110162379
2020-04-15,21110,22438.796860379527,0.01577422843585449,0.9940643513326917
2020-04-15,21180,41015.64353820976,0.03294168619943935,0.993879591003725
2020-04-15,21450,19071.327951875395,0.0,1.0
2020-04-15,21610,65411.68889091671,0.0007513020607712435,0.9996095137177755
2020-04-15,21890,24988.316198976667,0.03682442975368554,0.9944822910798421
2020-04-15,22170,26050.96572417371,0.00788749099215085,0.9962765295909937
2020-04-15,22310,22112.994777850334,0.03179917674356074,0.9936535971706792
2020-04-15,22670,37749.435095474095,0.01553257459457561,0.9924811938097161
2020-04-15,22750,42806.09670683117,0.010945476456050849,0.996098686569258
2020-04-15,23110,13589.540488073806,4.4458058817277085e-05,0.9999769681151615
2020-04-15,23270,45670.24496584649,0.02039465255328978,0.9933466675234119
2020-04-15,23430,24809.191274161905,0.001970951161384061,0.9990810138929049
2020-04-15,23670,26283.59034331923,0.0,1.0
2020-04-15,24210,15308.17398133749,0.0,1.0
2020-04-15,24330,18212.089125138984,0.06569448249910002,0.9860516395421645
2020-04-15,24410,17313.85649237216,0.0,1.0
2020-04-15,24600,45743.660890255305,0.37329192552866636,0.9176043723965902
2020-04-15,24650,31791.902920105764,0.009652197270297782,0.9962759820514535
2020-04-15,24970,28458.228713297394,0.0047859014710853335,0.9975171629497552
2020-04-15,25060,19237.77962465135,0.03851954159938684,0.9927847000169027
2020-04-15,25250,28988.588997776584,0.04781658114947257,0.9900837744362653
2020-04-15,25340,23570.495637364973,0.001221254937762736,0.9993636111759898
2020-04-15,25710,8759.21471851228,0.0,1.0
2020-04-15,25900,21466.526538959937,0.15136620527643127,0.9486754359076924
2020-04-15,26080,201.49895714422726,0.0,1.0
2020-04-15,26350,18165.698284750448,0.09447645777544644,0.967332062157813
2020-04-15,26980,23771.58857856831,0.00958119090812413,0.9978125147241156
2020-04-15,27260,61202.508377486665,0.007471454319376964,0.998219027244313
2020-04-15,27350,16466.31075317422,0.12177473426880017,0.9535041835244571
2020-04-16,20660,16743.844710570196,0.0028364906954571295,0.998833651921796
2020-04-16,20910,12128.288066403378,0.004157049303788429,0.9988091703722924
2020-04-16,21110,22271.74524108891,0.036487848853439156,0.9888682351821516
2020-04-16,21180,40336.11854077072,0.018353812888631096,0.9954528022242042
2020-04-16,21450,18712.09478183992,0.0011307925065511147,0.999412144918661
2020-04-16,21610,64508.46807266855,0.0007636958038465073,0.999603098554723
2020-04-16,21890,24937.733483992102,0.04243021761642075,0.9927060297556849
2020-04-16,22170,25662.107823455175,0.008531098390026902,0.9959473321242558
2020-04-16,22310,21828.99500736665,0.017756201225493137,0.99505490369268
2020-04-16,22670,37035.70806566393,0.013835886767134426,0.9931206426888798
2020-04-16,22750,42247.40954706317,0.006219261767992264,0.9976329909674438
2020-04-16,23110,13579.391977421014,0.016230174600117674,0.9986458778185574
2020-04-16,23270,44939.46419741879,0.014978920705333578,0.994219934564471
2020-04-16,23430,24485.78430465601,0.002019183416900075,0.9991008337934515
2020-04-16,23670,26096.39755780548,0.0,1.0
2020-04-16,24210,15163.315182202854,0.0,1.0
2020-04-16,24330,17938.781233672205,0.07154136244581015,0.9829232029270571
2020-04-16,24410,17201.067245847593,0.0021320415413678476,0.9988954173756522
2020-04-16,24600,46709.55039765337,0.4636730245591304,0.9082915998885355
2020-04-16,24650,31220.752085633652,0.010865401531194455,0.9956313154558605
2020-04-16,24970,28258.56341450924,0.021161360249530678,0.9955544290693018
2020-04-16,25060,19112.68272925002,0.031213755142912306,0.9934310232172634
2020-04-16,25250,28604.32844233667,0.054116102381168686,0.989248585709765
2020-04-16,25340,23249.387790786648,0.0012381222439781514,0.9993548217211146
2020-04-16,25710,8606.16763254654,0.0,1.0
2020-04-16,25900,21085.470874919087,0.14967702489980586,0.9478415396130488
2020-04-16,26080,201.14848759143794,0.0,1.0
2020-04-16,26350,18117.156530892593,0.09823582098192032,0.9656432550489589
2020-04-16,26980,23440.487190227912,0.0076715851150967775,0.9985849146366711
2020-04-16,27260,59933.726302549476,0.017911519657539707,0.9979356612313374
2020-04-16,27350,16460.938599777346,0.12165502020309671,0.9557695244624186
2020-04-17,20660,16823.577023138823,0.0014110322172261693,0.9992696939352161
2020-04-17,20910,12045.93880812181,0.005325325825048035,0.9977922699292515
2020-04-17,21110,21829.07646363247,0.029137919219143923,0.9901687448646493
2020-04-17,21180,40571.53203883658,0.011822395285829753,0.9959147243597134
2020-04-17,21450,19305.693589113576,0.0018931317418999455,0.9990158343748544
2020-04-17,21610,65997.87542124803,0.0009231706295889728,0.9995202172644169
2020-04-17,21890,24739.073230711176,0.014315105474332165,0.9965383839823898
2020-04-17,22170,26526.035193702955,0.006664787236441011,0.996984095081839
2020-04-17,22310,21410.499683664722,0.018662215835461335,0.9946917216010518
2020-04-17,22670,37031.42030377819,0.028466421180464784,0.9897150783100259
2020-04-17,22750,42775.11680537232,0.005408636277935063,0.9977557045504563
2020-04-17,23110,13675.392039927816,0.005353502149721295,0.9993022983845194
2020-04-17,23270,45381.79861805933,0.01606826564529097,0.9933898518986379
2020-04-17,23430,24416.72584546291,0.0016851885807779258,0.9992248396234056
2020-04-17,23670,26116.73991213138,0.0,1.0
2020-04-17,24210,15076.452395092943,0.0,1.0
2020-04-17,24330,17798.93826279261,0.05250779377398702,0.9840124102092387
2020-04-17,24410,17186.907770900525,0.0029199341447767096,0.9984872206014848
2020-04-17,24600,45810.84433489333,0.4858078652669118,0.9036485277499484
2020-04-17,24650,31739.353850608244,0.00499508119254732,0.9974164565420595
2020-04-17,24970,27815.33964168985,0.004612296578381822,0.9976069476144689
2020-04-17,25060,19028.508347615996,0.033221863217738734,0.9940614855451108
2020-04-17,25250,28370.3688321451,0.04177677322430838,0.9915154372575675
2020-04-17,25340,23826.346941075746,0.0009665127181715536,0.9994963558606077
2020-04-17,25710,8712.44637430408,0.0,1.0
2020-04-17,25900,20859.84516890195,0.1439287599808252,0.9494608637212326
2020-04-17,26080,184.1955290384359,0.0,1.0
2020-04-17,26350,17706.11148665083,0.091329750470384,0.9669190587177613
2020-04-17,26980,23004.859396598484,0.00251694424087271,0.9986959276958487
2020-04-17,27260,60738.87985845444,0.01181675407037805,0.9979584740402033
2020-04-17,27350,16160.734478180098,0.12656754719084257,0.9528993563344577
2020-04-18,20660,17734.957691868694,0.001989631946526621,0.9989702111963252
2020-04-18,20910,12736.50983164168,0.0032369386334269515,0.9983208126940479
2020-04-18,21110,22387.284707976087,0.005699580769750154,0.9977316357786463
2020-04-18,21180,43464.20175811955,0.01062292752885083,0.9949287054544929
2020-04-18,21450,22000.91815090392,0.0,1.0
2020-04-18,21610,73466.78993734939,0.0007167077518609119,0.9996274939733584
2020-04-18,21890,26002.83511869451,0.00809803764923855,0.9958082558912136
2020-04-18,22170,28959.667810935633,0.001459666152885781,0.9992403227777463
2020-04-18,22310,22753.940064228475,0.007729147835162531,0.9961371487673387
2020-04-18,22670,39510.00130196976,0.02264322596782321,0.9887864822905248
2020-04-18,22750,46306.3610008507,0.001951943048916115,0.9989850206540924
2020-04-18,23110,14075.39075615088,0.0002247341331608486,0.9998834690942004
2020-04-18,23270,48325.64641346926,0.012614171753524184,0.994849571678999
2020-04-18,23430,25836.235741517496,0.00370464330639115,0.9982180813379542
2020-04-18,23670,28363.249741470074,0.0,1.0
2020-04-18,24210,15832.405527377543,0.0,1.0
2020-04-18,24330,18547.63665604965,0.02375131570392603,0.990355715496037
2020-04-18,24410,18605.278486384865,0.0034235385301738023,0.9982263098064268
2020-04-18,24600,41496.16282748051,0.12232049955214307,0.9563060414123111
2020-04-18,24650,35351.79335125582,0.007234172731848674,0.9964923985957959
2020-04-18,24970,28630.259448932975,0.003017844635055385,0.9984349101354865
2020-04-18,25060,19991.622158972245,0.008551844803618166,0.9967918090208399
2020-04-18,25250,29635.60624403549,0.0160837124101884,0.9946213580544366
2020-04-18,25340,26164.25642357758,0.0,1.0
2020-04-18,25710,9567.801344912337,0.0,1.0
2020-04-18,25900,21024.357859594307,0.08388279858173012,0.9670149494115279
2020-04-18,26080,198.8734231487927,0.0,1.0
2020-04-18,26350,17797.715300949112,0.045026455357403954,0.9791018454800438
2020-04-18,26980,24095.152310370628,0.004368219440164656,0.9977366305237141
2020-04-18,27260,66450.8736835479,0.002220138723269727,0.9988487649009042
2020-04-18,27350,16164.855073299814,0.06713554607827492,0.9694123486341476
2020-04-19,20660,17775.806824875846,0.0,1.0
2020-04-19,20910,12542.057015198632,0.0028101967604300497,0.9990759218487824
2020-04-19,21110,22743.31752298981,0.011009155291223338,0.9973718536394632
2020-04-19,21180,43472.25321360831,0.006474996163022087,0.9983437711487781
2020-04-19,21450,21619.936490531127,0.0,1.0
2020-04-19,21610,72588.25769600454,0.0003171340151276714,0.9998353095254133
2020-04-19,21890,26167.76238905247,0.013470828001023078,0.9984982638288542
2020-04-19,22170,28527.250757122747,0.0,1.0
2020-04-19,22310,23050.47705818316,0.018013980160433242,0.995830042282573
2020-04-19,22670,39755.68955612604,0.012668632119478074,0.9934227227186668
2020-04-19,22750,46062.03645087208,0.0,1.0
2020-04-19,23110,14018.791596935289,1.3454879129157867e-06,0.9999993029204446
2020-04-19,23270,48476.903891254056,0.012870439690308079,0.9982783653596949
2020-04-19,23430,25698.829092013268,0.0012414471868283977,0.9993555655158408
2020-04-19,23670,28302.913707213254,0.0,1.0
2020-04-19,24210,16151.851739949505,0.0,1.0
2020-04-19,24330,18560.679205158605,0.01783388298018549,0.9950629625979245
2020-04-19,24410,18468.7354092855,0.001776680014236673,0.9990795254995395
2020-04-19,24600,41478.754332757504,0.1011324970827669,0.9598449354273315
2020-04-19,24650,35150.79654824861,0.0021452467192109893,0.998890494559733
2020-04-19,24970,29096.23173695201,0.0009942470852278122,0.9994844693245638
2020-04-19,25060,20080.230502985618,0.007974270292911282,0.9982411371220795
2020-04-19,25250,29919.975301004033,0.01981681287292547,0.995666927233055
2020-04-19,25340,25725.441406234564,0.0,1.0
2020-04-19,25710,9666.58637458741,0.0,1.0
2020-04-19,25900,21260.510129470367,0.09630126783040616,0.965662823059202
2020-04-19,26080,205.8654858317642,0.0,1.0
2020-04-19,26350,18036.29797816297,0.052055538379399593,0.9805969074399999
2020-04-19,26980,24311.905548251998,0.006589440021593353,0.99905396144476
2020-04-19,27260,66120.87699673162,0.0003208439794964023,0.9998336380202497
2020-04-19,27350,16209.281971654877,0.05536712283060421,0.9759036194248065
2020-04-20,20660,16615.924099475054,0.0,1.0
2020-04-20,20910,11960.05319592709,0.002526408930897599,0.9993887556448408
2020-04-20,21110,22018.066920089474,0.022787560108864856,0.9936698445543274
2020-04-20,21180,39674.181340798634,0.01879328734285297,0.9964056612362241
2020-04-20,21450,18224.304022913882,0.0,1.0
2020-04-20,21610,62494.289709070596,0.0004699726534975461,0.9997559390804672
2020-04-20,21890,24582.23482578474,0.028649074224338673,0.9962673150149175
2020-04-20,22170,25002.230003679997,0.004672381852502819,0.9978001962228208
2020-04-20,22310,21516.600287117697,0.026943306361345853,0.9947468954903828
2020-04-20,22670,36361.80073823958,0.011362741202103191,0.994100523863566
2020-04-20,22750,41328.194029466664,0.0014013725636369213,0.9993708895195986
2020-04-20,23110,13286.474769183535,0.010024836453399546,0.9994523389108364
2020-04-20,23270,44176.85327548768,0.013197218292248658,0.9967054117602409
2020-04-20,23430,24013.000007141927,0.0010009549383048337,0.999480440558201
2020-04-20,23670,25471.20473663625,0.0,1.0
2020-04-20,24210,14833.89247272141,0.0,1.0
2020-04-20,24330,17644.960043483854,0.062531033944344,0.9882532244149304
2020-04-20,24410,16829.47344716575,0.0,1.0
2020-04-20,24600,46187.4089070227,0.4253225400443945,0.9118046619801017
2020-04-20,24650,30577.52225964487,0.009129670508207547,0.998608105580964
2020-04-20,24970,27993.07021706487,0.012426434890318704,0.9978071268539511
2020-04-20,25060,18835.95005898648,0.024740904238496775,0.9955812566834995
2020-04-20,25250,28192.69254279603,0.05332312723435515,0.9907641852457735
2020-04-20,25340,22723.674163725602,0.0,1.0
2020-04-20,25710,8254.119317684337,0.0,1.0
2020-04-20,25900,20890.79729848488,0.12694750593538676,0.9569002696103519
2020-04-20,26080,175.80577085498663,0.0,1.0
2020-04-20,26350,17730.416112151095,0.08401966596245006,0.970671254650693
2020-04-20,26980,23115.50701630877,0.007014121255978348,0.9994808679735412
2020-04-20,27260,58975.35256450626,0.0008453267209244186,0.9999538194408624
2020-04-20,27350,16170.975873944713,0.10397210313958087,0.9613882248326042
2020-04-21,20660,16465.194124720816,0.0029869226647081166,0.9984539159006655
2020-04-21,20910,11952.819158235958,0.006213007462190125,0.9983878321007791
2020-04-21,21110,21894.781957161493,0.03827880473279547,0.9900421914095056
2020-04-21,21180,38989.1232082043,0.020703583389780823,0.995176525695093
2020-04-21,21450,18145.40740977611,0.0,1.0
2020-04-21,21610,62012.85508757671,0.0003072137965487327,0.9998404611818988
2020-04-21,21890,24218.01782316259,0.03278281493204759,0.9943710059032097
2020-04-21,22170,24742.269784805303,0.010221352849037543,0.9961604169372391
2020-04-21,22310,21338.54707026157,0.02859841622723196,0.9939267349305108
2020-04-21,22670,36266.22489198314,0.019708019345179434,0.9907515673644277
2020-04-21,22750,41135.77466795181,0.008710589113665962,0.9962806097311886
2020-04-21,23110,13150.486989956518,0.018753349558078208,0.9985568096330094
2020-04-21,23270,43510.57796956104,0.022580439476156535,0.9934229400813877
2020-04-21,23430,23629.954159690045,0.002732883868020905,0.9986844696220761
2020-04-21,23670,25315.62857110888,0.0,1.0
2020-04-21,24210,14712.05307620381,0.009553536076576408,0.9993202852145651
2020-04-21,24330,17607.5831273711,0.07510558036056743,0.9819080957062549
2020-04-21,24410,16630.01695833475,0.005171686435727277,0.9975947108111664
2020-04-21,24600,46623.78620234652,0.490260336359232,0.9022292209825394
2020-04-21,24650,30230.069696867293,0.0031980097891975362,0.9983460177068272
2020-04-21,24970,27574.428996070226,0.004923260368634268,0.9976391850161964
2020-04-21,25060,18602.476204776238,0.04289900986295219,0.9909127325178929
2020-04-21,25250,27738.876993546008,0.045882817192020024,0.98952158056643
2020-04-21,25340,22825.925402150537,0.0010929461063285953,0.9994304721595745
2020-04-21,25710,8414.852368875403,0.0,1.0
2020-04-21,25900,20903.80462916281,0.15988626864396543,0.9467557025740998
2020-04-21,26080,176.5055149003711,0.0,1.0
2020-04-21,26350,17675.40421973465,0.10390013718722414,0.9635389893718966
2020-04-21,26980,22749.484732750032,0.01710501994133954,0.9965646955545805
2020-04-21,27260,58117.2429579973,0.016678954181179914,0.9979305932011426
2020-04-21,27350,16249.39796448274,0.13924231429582845,0.9492237042300907
2020-04-22,20660,16417.5598354153,0.0014128044274589885,0.9992690752998437
2020-04-22,20910,11816.956943478564,0.005314082148828877,0.9986118183788645
2020-04-22,21110,21912.785928027522,0.038287070606901806,0.9881608026985178
2020-04-22,21180,39067.197748249695,0.027608597663494813,0.9939877459452134
2020-04-22,21450,18113.311568245415,0.0,1.0
2020-04-22,21610,61779.123878198465,0.001069309749067883,0.9994444496058779
2020-04-22,21890,24166.77219964922,0.029185252298687514,0.9949130038526701
2020-04-22,22170,24819.425955132043,0.006423246297133388,0.9968573004008632
2020-04-22,22310,21464.099880939517,0.03532031134432544,0.9929285814550799
2020-04-22,22670,35908.24602299739,0.025483683093959916,0.991325819999849
2020-04-22,22750,41116.080760171346,0.009088508687428764,0.9962545068218375
2020-04-22,23110,13237.668826821284,0.012193544826365825,0.9992983011633448
2020-04-22,23270,43732.60844716442,0.027877045604669616,0.9925963714634306
2020-04-22,23430,23510.885145639215,0.0018177316639118872,0.9991728016962405
2020-04-22,23670,25160.12048515372,0.0,1.0
2020-04-22,24210,14570.165264946225,0.0,1.0
2020-04-22,24330,17546.79907724591,0.08229579447977531,0.9835186119858652
2020-04-22,24410,16705.23558910068,0.0017976435516053177,0.9993415238030421
2020-04-22,24600,46709.93292229049,0.5423209005726565,0.8979266599802023
2020-04-22,24650,30281.66133933952,0.007999139342387123,0.9961362753949037
2020-04-22,24970,27480.26219199344,0.013534390318575465,0.9962713084683881
2020-04-22,25060,18487.10339280853,0.034088388157061084,0.9936622160903066
2020-04-22,25250,27764.34614359985,0.07281183179179715,0.9869755795120759
2020-04-22,25340,22774.09231977357,0.0012639618641421754,0.9993413568457797
2020-04-22,25710,8366.647816191706,0.0,1.0
2020-04-22,25900,20915.801236883886,0.1702098089708797,0.9429951686140948
2020-04-22,26080,193.10740637048676,0.0,1.0
2020-04-22,26350,17768.719956908837,0.10597344018441796,0.9638572286523664
2020-04-22,26980,22709.703551177325,0.0033780262903874672,0.9982497532446871
2020-04-22,27260,58338.0373747504,0.011992194007231347,0.9980926986454249
2020-04-22,27350,16313.849985068653,0.13210447136359965,0.9519740933969418
2020-04-23,20660,16611.901315642994,0.011545682729262855,0.9985287697180067
2020-04-23,20910,11831.786091188893,0.007725133161769868,0.9983354633429156
2020-04-23,21110,22027.6263865151,0.039897470860376184,0.9881624520881788
2020-04-23,21180,39178.16868267353,0.02656806422667958,0.9943948334640913
2020-04-23,21450,18386.674126204576,0.0018831372383506589,0.9990210301288613
2020-04-23,21610,62614.164245332264,0.0004817505387187215,0.999749822721407
2020-04-23,21890,24298.66471746485,0.04093127034160833,0.9932288561428007
2020-04-23,22170,25180.654964163627,0.008232220906300606,0.9965846797820631
2020-04-23,22310,21529.16005998029,0.033841651386479564,0.993333956712258
2020-04-23,22670,36490.33212412982,0.016730379025479802,0.9917141235662075
2020-04-23,22750,41380.03033740861,0.009021617445257604,0.9970033854738888
2020-04-23,23110,13148.316171289636,0.0005169774150069063,0.9999650107547534
2020-04-23,23270,44041.03771871819,0.016348966670413592,0.9939671418404634
2020-04-23,23430,23889.213750438197,0.0018848873281981679,0.9991551811827666
2020-04-23,23670,25638.239182348716,0.0,1.0
2020-04-23,24210,14744.490075131658,0.0,1.0
2020-04-23,24330,17648.726670646844,0.0787738681784705,0.9833107738045053
2020-04-23,24410,16787.379634918067,0.003886406002175028,0.9983320803717478
2020-04-23,24600,46711.87742825668,0.5336915097495619,0.899778764039115
2020-04-23,24650,30520.63553140393,0.010032235205993932,0.9949866496644505
2020-04-23,24970,27611.760961032083,0.005334338691946884,0.997233028219411
2020-04-23,25060,18732.079505500857,0.042773368781275335,0.9916496962654127
2020-04-23,25250,28023.095968122547,0.06392009807178961,0.9879084440446406
2020-04-23,25340,22786.270296028044,0.0013475054376717822,0.9992978227769558
2020-04-23,25710,8469.135690598838,0.0,1.0
2020-04-23,25900,21034.474021804996,0.1620702690087338,0.944642687658869
2020-04-23,26080,177.20286882536737,0.0,1.0
2020-04-23,26350,17822.883644928745,0.10320693284265979,0.9638671065903013
2020-04-23,26980,22873.814077878556,0.0028959833923186263,0.9984993810188336
2020-04-23,27260,58647.417017877735,0.012856250675113489,0.9979934703261488
2020-04-23,27350,16311.146806710982,0.1401530934043629,0.9491165013760188
2020-04-24,20660,16889.51624390739,0.0015557989059932836,0.9991947690578383
2020-04-24,20910,11918.188383086957,0.006627276289815879,0.99753367766187
2020-04-24,21110,21798.430726949842,0.033451824100405425,0.9900956686321399
2020-04-24,21180,40256.18166421576,0.02603083338408898,0.9943828222459239
2020-04-24,21450,19579.61939155878,0.0010806898815561828,0.9994381913263982
2020-04-24,21610,65916.16594462101,0.0007024652547688694,0.9996348543265193
2020-04-24,21890,24543.841256772772,0.014061776350016127,0.9956389226391249
2020-04-24,22170,26318.877833755323,0.007308706985164487,0.9965424057752459
2020-04-24,22310,21437.00427975962,0.02582401776430127,0.9928972633970738
2020-04-24,22670,37216.90132199478,0.018226687462375907,0.9912556167697174
2020-04-24,22750,42970.954081997894,0.006950904474651339,0.9971143298386307
2020-04-24,23110,13393.525796719963,0.01945636451216928,0.9984852149462907
2020-04-24,23270,45608.22016114434,0.015673774657900947,0.9933754716759085
2020-04-24,23430,24316.691493155653,0.002103258799826939,0.9990582288559146
2020-04-24,23670,26295.042340684144,0.0,1.0
2020-04-24,24210,14723.70922620535,0.0,1.0
2020-04-24,24330,17745.078098972434,0.07615561106082241,0.9793408340598803
2020-04-24,24410,17217.4630374442,0.004956838525432519,0.9977929384882455
2020-04-24,24600,45665.17754262275,0.49469439787738034,0.9000867877623111
2020-04-24,24650,31781.1410334005,0.005840144762959707,0.9969793406756822
2020-04-24,24970,27644.403606439922,0.007987980286835804,0.9979883942656893
2020-04-24,25060,18880.78715901631,0.023705426534121183,0.9945998322185846
2020-04-24,25250,27925.521877051757,0.03525761393984487,0.9922521417132815
2020-04-24,25340,24198.565247760926,0.001348165138703223,0.9992974790105966
2020-04-24,25710,8708.340206008972,0.0,1.0
2020-04-24,25900,20695.807357520367,0.1484660275238159,0.9460283842039385
2020-04-24,26080,193.62952551908836,0.0,1.0
2020-04-24,26350,17523.599497221057,0.1014565890687042,0.9625881763692152
2020-04-24,26980,22993.56618359254,0.013223773869955192,0.9973237630137749
2020-04-24,27260,60862.404818826646,0.013867396002924479,0.9980908268263984
2020-04-24,27350,16104.356109044616,0.13133339410497755,0.9495746664112907
2020-04-25,20660,17990.652774222726,0.0009691477084856836,0.9994984013237853
2020-04-25,20910,12540.152233495646,0.005019830118272791,0.9974154170106783
2020-04-25,21110,22323.692995871053,0.004994085359534466,0.9978617978052932
2020-04-25,21180,43985.126963174545,0.01001025842989308,0.995240734910777
2020-04-25,21450,22343.218929131384,0.0,1.0
2020-04-25,21610,74625.52330872446,0.0008209306669315937,0.999573333827357
2020-04-25,21890,25813.47365448249,0.006462946686310827,0.9966546616248635
2020-04-25,22170,29522.38182186142,0.002287126089392681,0.9989499492220155
2020-04-25,22310,22525.513707392278,0.009240468857633926,0.9956941878744227
2020-04-25,22670,40253.46029996776,0.018836960368765553,0.9904280190068274
2020-04-25,22750,47316.8928554972,0.0004877249415534198,0.9997463907861269
2020-04-25,23110,14113.071278696734,2.438617749724115e-05,0.9999873658428249
2020-04-25,23270,49136.88672338139,0.013793951529798091,0.995391252232385
2020-04-25,23430,26011.89524612099,0.00416948615798199,0.997911732178127
2020-04-25,23670,28769.26443457353,0.0,1.0
2020-04-25,24210,15866.043755098526,0.0,1.0
2020-04-25,24330,18493.654516313454,0.008615150255834331,0.995537481197682
2020-04-25,24410,18734.323081650047,0.0011333189085641665,0.9994128424095144
2020-04-25,24600,40647.634866041204,0.09065180571926791,0.9617637110173768
2020-04-25,24650,35925.32074211091,0.004036356498840609,0.9979123359666463
2020-04-25,24970,28831.39822415405,0.0018605555199857691,0.999034820936851
2020-04-25,25060,20110.17450518911,0.008554739506576089,0.9969524714360612
2020-04-25,25250,29581.191999407038,0.007008059496616269,0.9967888698079821
2020-04-25,25340,27076.841276195635,0.0,1.0
2020-04-25,25710,9742.685248758093,0.0,1.0
2020-04-25,25900,20928.765057345216,0.07804893173401166,0.9669775360500441
2020-04-25,26080,228.75969593946678,0.0,1.0
2020-04-25,26350,17494.797906250344,0.04893370518875902,0.977827395898751
2020-04-25,26980,24262.5031078967,0.003349888546116218,0.9982642546525047
2020-04-25,27260,67241.09232812277,0.00152000237071247,0.9992117915077677
2020-04-25,27350,15990.126676048865,0.05642938913164138,0.9736047867008754
2020-04-26,20660,17677.04073430169,0.0,1.0
2020-04-26,20910,12551.93458410024,0.002855953016761049,0.9989630058439402
2020-04-26,21110,22464.868565904595,0.012870500029629289,0.997079521179981
2020-04-26,21180,42977.556455774444,0.006894829160461659,0.9980222235275877
2020-04-26,21450,21583.75798413923,0.0,1.0
2020-04-26,21610,72741.48883000622,0.00024007763024898313,0.9998753255816869
2020-04-26,21890,25577.39736401367,0.001118393078731684,0.9995795459819655
2020-04-26,22170,28502.591793562344,0.000674164376322824,0.9996491547129318
2020-04-26,22310,22627.19165152527,0.007227329219736131,0.9965532042779948
2020-04-26,22670,39892.08700196804,0.01225537414571506,0.9936373321513433
2020-04-26,22750,45647.52519996678,0.0005055614450365338,0.9997371160879494
2020-04-26,23110,13950.204554326749,1.062366711505766e-06,0.9999994496018079
2020-04-26,23270,48447.34052251321,0.002116835489713365,0.9990092335413601
2020-04-26,23430,25738.938376591883,0.001280679021944529,0.9993352135368095
2020-04-26,23670,28156.305636164085,0.0,1.0
2020-04-26,24210,15874.64836285334,0.0,1.0
2020-04-26,24330,18396.674997625985,0.02729739935566073,0.9936106160089656
2020-04-26,24410,18505.634217428724,0.0010430220301421746,0.9994596240321998
2020-04-26,24600,41165.81885501366,0.11007551415107684,0.9609429384874131
2020-04-26,24650,34915.980614300235,0.002436544816412518,0.9987398320417792
2020-04-26,24970,28647.459922009268,0.00162872186685997,0.9991554394965845
2020-04-26,25060,20025.493763161536,0.014291970850733991,0.9974365849923604
2020-04-26,25250,29794.908075131654,0.023604326302703132,0.9955479175108015
2020-04-26,25340,25881.648012067104,0.0,1.0
2020-04-26,25710,9654.625488869311,0.0,1.0
2020-04-26,25900,21033.089518350065,0.0852530156971396,0.9675267735905262
2020-04-26,26080,215.65114692540007,0.0,1.0
2020-04-26,26350,17620.224703917596,0.04832510101044851,0.9797863725399013
2020-04-26,26980,23990.085507671138,0.0015285096837247283,0.9992080061576302
2020-04-26,27260,65856.57553734534,0.005008531551921041,0.9994229885217999
2020-04-26,27350,16004.43712310919,0.053214837232008635,0.9766999234273924
2020-04-27,20660,16250.912244994233,0.0,1.0
2020-04-27,20910,11700.004825234993,0.0047884419166857204,0.9991253290083141
2020-04-27,21110,21642.383336540846,0.033330576512986355,0.9913295405723763
2020-04-27,21180,39050.187715157976,0.010162891129951652,0.9971989831962856
2020-04-27,21450,18051.479870070376,0.0,1.0
2020-04-27,21610,62456.708694540896,0.00044483622907037096,0.9997689926460605
2020-04-27,21890,24094.89707157427,0.025936491523236883,0.99648016754379
2020-04-27,22170,24769.51234980126,0.003102949330171301,0.998385111526012
2020-04-27,22310,21272.099743414044,0.03526890829534073,0.9938239738649536
2020-04-27,22670,36320.11470763367,0.012321789054218145,0.9936025974760766
2020-04-27,22750,40678.26092717395,0.002119703902682747,0.9990904232590906
2020-04-27,23110,13013.538230674065,0.00037239964152992167,0.9999809843378296
2020-04-27,23270,44263.16776233846,0.0075276203419818374,0.996966020881609
2020-04-27,23430,23628.755656477126,0.0010172321932693047,0.9994719916249077
2020-04-27,23670,25197.466768669994,0.0,1.0
2020-04-27,24210,14616.827772156015,0.0,1.0
2020-04-27,24330,17416.06279106118,0.06474074698528742,0.9871615838178178
2020-04-27,24410,16696.052187471647,0.0,1.0
2020-04-27,24600,44332.6071680998,0.4050248544480916,0.9106052076014293
2020-04-27,24650,30258.564392869015,0.0024920547062456835,0.9987111087131023
2020-04-27,24970,27379.200344885096,0.005279803476111121,0.9984002916974971
2020-04-27,25060,18374.173251575,0.027496365282997544,0.9955033082353193
2020-04-27,25250,27730.61304463117,0.03796770066825942,0.9922264431670392
2020-04-27,25340,22424.265464484688,0.0,1.0
2020-04-27,25710,8315.218073660133,0.0,1.0
2020-04-27,25900,20617.913074869917,0.14280016475009072,0.9530761067172644
2020-04-27,26080,189.08716452505973,0.0,1.0
2020-04-27,26350,17504.475652171044,0.09259411861766825,0.9683845807492062
2020-04-27,26980,22618.326707267384,0.005973583988042213,0.999557880645663
2020-04-27,27260,58836.47104103313,0.0036852982820513996,0.9998170572264725
2020-04-27,27350,15884.899701720275,0.11169176840206849,0.9574176572681456
2020-04-28,20660,16319.295165998736,0.0038809174104124998,0.9979911707665775
2020-04-28,20910,11611.913635881023,0.009748448130977425,0.9982603698274456
2020-04-28,21110,21475.3178924484,0.03566770827924906,0.9887904597207788
2020-04-28,21180,39126.40921163913,0.025121527225275244,0.9939568843936851
2020-04-28,21450,18039.025524023993,0.0,1.0
2020-04-28,21610,61880.62177734883,0.0013953626165106319,0.9995177781742564
2020-04-28,21890,23990.578406879147,0.029981778334703793,0.9944264446261498
2020-04-28,22170,24513.107893555894,0.006473123916238168,0.9978378914566792
2020-04-28,22310,21034.37906882695,0.050031981608912666,0.9922320258620096
2020-04-28,22670,36255.05837975367,0.0220765626855736,0.9896560572651469
2020-04-28,22750,40570.538835561456,0.012746614346512891,0.994873127003734
2020-04-28,23110,12796.970173909334,0.006429944173233767,0.999061145581031
2020-04-28,23270,44030.39681931777,0.021184221912704016,0.9936770997501224
2020-04-28,23430,23282.01503532806,0.003191660899105731,0.9984153283721552
2020-04-28,23670,24877.93136567674,0.0,1.0
2020-04-28,24210,14592.408928904204,0.0,1.0
2020-04-28,24330,17328.81106366962,0.07070396421415423,0.9849378881135761
2020-04-28,24410,16683.865895497787,0.004740169149418161,0.9978422267221825
2020-04-28,24600,45034.22655592083,0.5128523090092353,0.8997255219723332
2020-04-28,24650,30057.655246987462,0.011354991055676654,0.997853566743343
2020-04-28,24970,27174.072956598666,0.014394479437341833,0.996914243196263
2020-04-28,25060,18300.62964758422,0.030242713880243705,0.9929990606328406
2020-04-28,25250,27667.605160924988,0.060203890951640575,0.9882999091026488
2020-04-28,25340,22336.460197098648,0.0012887263213884736,0.9993284522315694
2020-04-28,25710,8319.70664473464,0.0,1.0
2020-04-28,25900,20711.33915421666,0.16948296454234132,0.9439307648218256
2020-04-28,26080,177.55572849854497,0.0,1.0
2020-04-28,26350,17457.41043109194,0.11818435505589556,0.9608841975209255
2020-04-28,26980,22481.163029889434,0.012277331406580837,0.9965749102972288
2020-04-28,27260,58153.13640556385,0.02156543948502562,0.9972943580701962
2020-04-28,27350,15950.958765754103,0.13672688274913347,0.9479593028190076
2020-04-29,20660,16251.739235354735,0.000702940917020306,0.9996361576571164
2020-04-29,20910,11790.227050230498,0.004870960701549426,0.9988446826001813
2020-04-29,21110,21355.844872922484,0.028174723790404147,0.9908697409974191
2020-04-29,21180,39448.91606122071,0.021354542129644855,0.9946623423645956
2020-04-29,21450,18184.78777421246,0.0,1.0
2020-04-29,21610,62298.81178701468,0.0009745909658436191,0.9994935660551217
2020-04-29,21890,23989.650633827936,0.04401775937348009,0.9935830902590059
2020-04-29,22170,24704.37134774941,0.007166482896724082,0.9964378773796234
2020-04-29,22310,21188.334100742788,0.03901039196206145,0.9915400437904333
2020-04-29,22670,36532.57583866669,0.0214535613217265,0.993239467504801
2020-04-29,22750,40946.55027171559,0.011240272677801075,0.9958238240128834
2020-04-29,23110,12869.13281387371,0.00852884990917166,0.9989105477072746
2020-04-29,23270,44345.191566050875,0.019178349157870197,0.9939452304594243
2020-04-29,23430,23433.523940364572,0.0017883786464820924,0.9992013889431623
2020-04-29,23670,25054.006259788082,0.0,1.0
2020-04-29,24210,14565.359756444535,0.0,1.0
2020-04-29,24330,17442.72312546705,0.05493864322336113,0.9862094993548248
2020-04-29,24410,16749.7084330909,0.0,1.0
2020-04-29,24600,45939.423972611614,0.5127298178596249,0.9013201864482839
2020-04-29,24650,30451.77032492357,0.007543004623695421,0.996289214098416
2020-04-29,24970,27352.550238677373,0.009785363197484421,0.9968993006038565
2020-04-29,25060,18383.915545149852,0.03971305751135093,0.9921561905565585
2020-04-29,25250,27835.445312300795,0.05268164896139783,0.989676548009217
2020-04-29,25340,22621.56775204064,0.001187651781327739,0.9993811215847878
2020-04-29,25710,8268.258020443824,0.0,1.0
2020-04-29,25900,20736.385581669045,0.15163202952260998,0.9479920144750745
2020-04-29,26080,170.38962609937292,0.0,1.0
2020-04-29,26350,17455.488990264417,0.11431640844067989,0.9622080905016376
2020-04-29,26980,22497.235328337018,0.016911470754922105,0.9971057098377721
2020-04-29,27260,58919.497352360544,0.018370622400236052,0.9980312119890249
2020-04-29,27350,16027.873540948349,0.13204916959492893,0.951186570613903
2020-04-30,20660,15962.303982488094,0.002412702560290927,0.9987512443336133
2020-04-30,20910,11597.235047731596,0.004503239356564304,0.998570143001981
2020-04-30,21110,20974.10303780992,0.029730976177989647,0.9907456056859745
2020-04-30,21180,38636.01495610509,0.029592560324822333,0.9937852531555285
2020-04-30,21450,17920.595123827083,0.0,1.0
2020-04-30,21610,61404.02418556313,0.0008779023612676764,0.9995437476292056
2020-04-30,21890,23745.317742293653,0.040158104047020665,0.9932699002348656
2020-04-30,22170,24460.468510892515,0.00962228673420726,0.9955847125351707
2020-04-30,22310,20963.59014632868,0.03389030773604359,0.9936399134270668
2020-04-30,22670,35885.411607114685,0.023976605272863206,0.9913432476929789
2020-04-30,22750,40549.67970780745,0.011610240547005485,0.9962515116988524
2020-04-30,23110,12800.362835410915,4.66183394858263e-05,0.9999758476526968
2020-04-30,23270,43487.83535698193,0.018641895587271674,0.9937309005309167
2020-04-30,23430,23063.63716125392,0.0014164354757219872,0.9993635930119883
2020-04-30,23670,24843.747681284352,0.0,1.0
2020-04-30,24210,14407.896900875648,0.0,1.0
2020-04-30,24330,17190.35500462806,0.08519095770779912,0.9800698920694891
2020-04-30,24410,16443.477332854858,0.0036155392511770658,0.9984796403160997
2020-04-30,24600,45752.012467648405,0.5692373124239533,0.8934537474311788
2020-04-30,24650,30245.817406669736,0.009031894073624574,0.9964925693684603
2020-04-30,24970,27183.218114968848,0.009377608941295372,0.996493670767561
2020-04-30,25060,17960.26078835229,0.03365539190685225,0.9946600749374372
2020-04-30,25250,27382.169830204646,0.05404655233352953,0.9891200459947218
2020-04-30,25340,22274.74077489244,0.0012922971572846957,0.999326591489814
2020-04-30,25710,8200.197706397901,0.0,1.0
2020-04-30,25900,20495.17720876114,0.16833154009029444,0.9434735347393394
2020-04-30,26080,177.02942663926393,0.0,1.0
2020-04-30,26350,17331.382820044888,0.1202488638910043,0.9600572263417856
2020-04-30,26980,22361.559136839365,0.016050906158118956,0.9977658562474263
2020-04-30,27260,58031.156320089154,0.008275792928136693,0.9981906271275925
2020-04-30,27350,15809.967585561739,0.14391668388663523,0.9479080652347885
