LGA,date,%stay,%anom
10500,2020-04-04,97.33859132234646,0.8447400308129183
10750,2020-04-04,99.48755418118797,0.08917364912497394
10900,2020-04-04,100.0,0.00031375194735616674
11300,2020-04-04,96.85215540981783,1.126931678852472
11450,2020-04-04,99.82980359622874,0.37426391537962456
11500,2020-04-04,99.58097460792838,0.2824427040238442
11520,2020-04-04,99.1473778499359,0.7500066818638462
11570,2020-04-04,98.33679986605468,0.3937755600018855
12380,2020-04-04,97.83528604255008,0.605860750455478
12850,2020-04-04,98.38785924718813,0.10842057134463623
12930,2020-04-04,97.91873487943825,0.739593283278217
13800,2020-04-04,100.0,0.0
14000,2020-04-04,99.03069420591535,-0.04877043960251903
14100,2020-04-04,100.0,0.0029063469155099497
14170,2020-04-04,97.30084359905428,1.4399463137467317
14500,2020-04-04,99.55368831724553,0.08197581659621367
14700,2020-04-04,98.6956460807871,1.115412816080763
14900,2020-04-04,99.27663862770976,0.3852549408079664
15350,2020-04-04,97.44630359098134,0.2635948130727206
15950,2020-04-04,96.99861685050953,2.1567183507781307
15990,2020-04-04,97.96729070779115,0.9311768735728698
16260,2020-04-04,98.70965658655166,0.7846788950954142
16350,2020-04-04,99.17365039582332,0.5456162295442324
16550,2020-04-04,95.96849752163463,1.892282591891714
16700,2020-04-04,99.51552066942152,0.29255398854515224
17100,2020-04-04,97.25081859958563,0.5195373889077759
17150,2020-04-04,99.70075923055732,0.4814940083274655
17200,2020-04-04,93.41931704050333,4.08015560569539
17420,2020-04-04,99.9910317750065,0.0026405679424579276
18050,2020-04-04,92.96275765307693,1.5660596591508202
18250,2020-04-04,98.09448388012996,0.9147912035264882
18400,2020-04-04,100.0,0.0
18450,2020-04-04,100.0,0.0
18500,2020-04-04,94.61417497185013,1.6022913677976591
10500,2020-04-05,98.44114772409289,1.9870106574261692
10750,2020-04-05,99.65336721426623,0.25598938399400417
10900,2020-04-05,100.0,0.00031375194735616674
11300,2020-04-05,97.89486486007436,2.215663332689255
11450,2020-04-05,99.93850309181221,0.48355624556684074
11500,2020-04-05,99.80638104453304,0.5094369481846606
11520,2020-04-05,99.21596634812245,0.8197038518792832
11570,2020-04-05,99.03121321543938,1.102714411367356
12380,2020-04-05,98.46392068333562,1.2522975494062782
12850,2020-04-05,98.7451269597949,0.47193601627717463
12930,2020-04-05,98.62504188424991,1.4662476920128231
13800,2020-04-05,100.0,0.0
14000,2020-04-05,99.47661822924005,0.40129865038232015
14100,2020-04-05,100.0,0.0029063469155099497
14170,2020-04-05,98.669055741535,2.8663611437247383
14500,2020-04-05,99.68970300869289,0.21871227799938886
14700,2020-04-05,99.20069519318466,1.6328444508123763
14900,2020-04-05,99.5601389746578,0.6719211192521168
15350,2020-04-05,98.41157147527532,1.2567697665645472
15950,2020-04-05,98.37756867981057,3.6089987875424834
15990,2020-04-05,98.84535201698374,1.835802903992545
16260,2020-04-05,99.05679939943582,1.13911916099374
16350,2020-04-05,99.74685592633922,1.126751471232712
16550,2020-04-05,97.34170191035962,3.350249875383371
16700,2020-04-05,99.66263960585303,0.44082165348366953
17100,2020-04-05,98.47968377668624,1.7897062254713658
17150,2020-04-05,99.75781061071149,0.5389921453263113
17200,2020-04-05,95.68197747926112,6.601026641892949
17420,2020-04-05,100.0,0.01160983413199812
18050,2020-04-05,95.17165676314102,3.9793828485408245
18250,2020-04-05,98.86632658839244,1.7088251049786285
18400,2020-04-05,100.0,0.0
18450,2020-04-05,100.0,0.0
18500,2020-04-05,96.75654404916321,3.902893864995205
10500,2020-04-06,96.886042097972,0.3758899245682512
10750,2020-04-06,99.51226732303847,0.11403623587211698
10900,2020-04-06,100.0,0.00031375194735616674
11300,2020-04-06,95.58083159778347,-0.2005047187918385
11450,2020-04-06,99.64954330285919,0.19302050300828988
11500,2020-04-06,99.3202900351885,0.019921817553947285
11520,2020-04-06,98.29715513875706,-0.11395912025743415
11570,2020-04-06,98.02643935422611,0.07692303267086142
12380,2020-04-06,97.55099271690295,0.31351658824902984
12850,2020-04-06,98.41088433449129,0.1318483107128232
12930,2020-04-06,97.55287548695583,0.36319415554311174
13800,2020-04-06,100.0,0.0
14000,2020-04-06,99.11776401990763,0.03910872792132203
14100,2020-04-06,100.0,0.0029063469155099497
14170,2020-04-06,96.11029375980735,0.19875140412497494
14500,2020-04-06,99.51159256645539,0.039656682229893825
14700,2020-04-06,97.71299684055884,0.1086715106157099
14900,2020-04-06,98.85660825416413,-0.03946588691244868
15350,2020-04-06,97.73102329213418,0.5565461072696731
15950,2020-04-06,94.76378154927181,-0.19695892671099946
15990,2020-04-06,97.03034333465502,-0.03411675000297709
16260,2020-04-06,97.94203828999233,0.0009241318023489598
16350,2020-04-06,98.71883523438416,0.08450916637854355
16550,2020-04-06,94.50597368885475,0.3394825010766045
16700,2020-04-06,99.43249592681676,0.20888097528992677
17100,2020-04-06,96.9318196545616,0.18981649973572878
17150,2020-04-06,99.65832777249014,0.4387302788188219
17200,2020-04-06,88.74580863304142,-1.1266848817197306
17420,2020-04-06,100.0,0.01160983413199812
18050,2020-04-06,92.17909764261992,0.709875296896878
18250,2020-04-06,97.272783965957,0.06946665528737572
18400,2020-04-06,100.0,0.0
18450,2020-04-06,100.0,0.0
18500,2020-04-06,93.39994080408462,0.29837497536755464
10500,2020-04-07,96.0925802245251,-0.4461525486696427
10750,2020-04-07,99.41672625114066,0.017917409607792756
10900,2020-04-07,100.0,0.00031375194735616674
11300,2020-04-07,95.57015406293203,-0.21165352939757076
11450,2020-04-07,99.42406692478707,-0.03368559741470101
11500,2020-04-07,99.2124916049576,-0.08863596615701352
11520,2020-04-07,98.42742055729867,0.018411922457861607
11570,2020-04-07,97.72857089622164,-0.22717613630797162
12380,2020-04-07,96.98112630581497,-0.27248773717754027
12850,2020-04-07,98.15919589642576,-0.12424153821362083
12930,2020-04-07,97.08227459564309,-0.12096388068932873
13800,2020-04-07,100.0,0.0
14000,2020-04-07,99.1476342570297,0.06925662248624675
14100,2020-04-07,100.0,0.0029063469155099497
14170,2020-04-07,95.2066748878202,-0.7433067165648954
14500,2020-04-07,99.44840612622976,-0.023865060555239292
14700,2020-04-07,97.01609870993181,-0.6053127933263958
14900,2020-04-07,98.69337611798763,-0.20452082663557913
15350,2020-04-07,97.49779513356202,0.3165750388109956
15950,2020-04-07,94.16219919023146,-0.8305316683924091
15990,2020-04-07,96.51600451896395,-0.5640162869239185
16260,2020-04-07,97.79764917209877,-0.1465002579288499
16350,2020-04-07,98.4054250740903,-0.23323670234338678
16550,2020-04-07,93.69584294352829,-0.5206546582091742
16700,2020-04-07,99.1784810139245,-0.04711732722380013
17100,2020-04-07,96.2019294548035,-0.5646062010793984
17150,2020-04-07,99.00243730480011,-0.22229632326462578
17200,2020-04-07,88.73646251675898,-1.137097559394984
17420,2020-04-07,100.0,0.01160983413199812
18050,2020-04-07,92.04955103436266,0.5683397091510889
18250,2020-04-07,96.82065498397269,-0.395661453952334
18400,2020-04-07,100.0,0.0
18450,2020-04-07,100.0,0.0
18500,2020-04-07,92.92153307939093,-0.21536750615169797
10500,2020-04-08,95.67583321073275,-0.8779108440545746
10750,2020-04-08,99.3471741086508,-0.0520553274308333
10900,2020-04-08,100.0,0.00031375194735616674
11300,2020-04-08,95.1419979907164,-0.658707182252527
11450,2020-04-08,99.23445929116404,-0.2243273293630499
11500,2020-04-08,99.09042706184185,-0.2115603560758128
11520,2020-04-08,98.24125252374682,-0.1707653511225593
11570,2020-04-08,97.7968959005825,-0.1574219327719284
12380,2020-04-08,96.86958860901333,-0.3871840440700436
12850,2020-04-08,98.3661929486393,0.08637538259932409
12930,2020-04-08,96.88479456833637,-0.32413294386138825
13800,2020-04-08,100.0,0.0
14000,2020-04-08,99.02449782739644,-0.055024416278659505
14100,2020-04-08,99.99218839173655,-0.004905488380380074
14170,2020-04-08,95.1469981386505,-0.8055220685396214
14500,2020-04-08,99.49878088192736,0.02677701174476077
14700,2020-04-08,96.66344640683565,-0.966611235801984
14900,2020-04-08,98.7974444433721,-0.09929037645726169
15350,2020-04-08,97.61081820995093,0.4328657498794186
15950,2020-04-08,93.9828080261574,-1.0194623275911474
15990,2020-04-08,96.3850854031723,-0.6988962079325867
16260,2020-04-08,97.53306867085155,-0.4166426308457649
16350,2020-04-08,98.3821634779494,-0.2568200988316116
16550,2020-04-08,93.4452402722097,-0.7867261177370355
16700,2020-04-08,99.01030587467365,-0.21660560522694938
17100,2020-04-08,96.15649632951398,-0.6115663891991252
17150,2020-04-08,99.04764563412701,-0.176733977426502
17200,2020-04-08,88.27541922240441,-1.6507542562918531
17420,2020-04-08,100.0,0.01160983413199812
18050,2020-04-08,91.74808488884753,0.23897417295573042
18250,2020-04-08,96.65284450985051,-0.5682966347286378
18400,2020-04-08,100.0,0.0
18450,2020-04-08,100.0,0.0
18500,2020-04-08,92.93610996558624,-0.19971398447915512
10500,2020-04-09,95.51098533663416,-1.0486965599999731
10750,2020-04-09,99.16730018700231,-0.23301697963947765
10900,2020-04-09,99.99895963390776,-0.0007266174090636568
11300,2020-04-09,94.85240855716573,-0.9610782625622982
11450,2020-04-09,98.90604694525456,-0.5545307986067005
11500,2020-04-09,98.70528414235818,-0.5994162985191176
11520,2020-04-09,97.74410555305562,-0.6759482586808141
11570,2020-04-09,97.5877594723354,-0.37093300560995246
12380,2020-04-09,96.58035212259229,-0.6846113512705476
12850,2020-04-09,97.9057502499496,-0.38211932479770283
12930,2020-04-09,96.73979721729205,-0.4733074015312422
13800,2020-04-09,100.0,0.0
14000,2020-04-09,98.64987520532699,-0.4331293260465774
14100,2020-04-09,99.99223871854933,-0.0048551601049218185
14170,2020-04-09,94.57152756976748,-1.4054727108298581
14500,2020-04-09,99.26371410623965,-0.2095371596066098
14700,2020-04-09,96.8807574972107,-0.7439722290640494
14900,2020-04-09,98.58034436205405,-0.3188148014582892
15350,2020-04-09,95.91902475248726,-1.3078395152328115
15950,2020-04-09,94.03714925567323,-0.9622313911228586
15990,2020-04-09,96.09233104554387,-1.0005075073451386
16260,2020-04-09,97.47260075126357,-0.47838167512848084
16350,2020-04-09,97.65801439686777,-0.9909870404417154
16550,2020-04-09,92.17739872302052,-2.1328268981791187
16700,2020-04-09,98.70684807481038,-0.5224328527889899
17100,2020-04-09,95.61263032088435,-1.1737123986234166
17150,2020-04-09,98.54127832740154,-0.6870665354673733
17200,2020-04-09,88.45700250370044,-1.4484490289426777
17420,2020-04-09,99.93430620198417,-0.05409159082481185
18050,2020-04-09,91.18115277547766,-0.38042506070402604
18250,2020-04-09,96.67518216277637,-0.5453167535791059
18400,2020-04-09,100.0,0.0
18450,2020-04-09,100.0,0.0
18500,2020-04-09,91.78800352045022,-1.4326185211900877
10500,2020-04-10,98.5713117016351,2.121863158354098
10750,2020-04-10,99.7552605438241,0.3584988811842882
10900,2020-04-10,100.0,0.00031375194735616674
11300,2020-04-10,97.617984896068,1.9265626814457537
11450,2020-04-10,99.94993247756649,0.4950479658824447
11500,2020-04-10,99.89428946329976,0.5979646112536763
11520,2020-04-10,99.26497049353021,0.8695001055406326
11570,2020-04-10,98.89344678563047,0.9620662302919358
12380,2020-04-10,98.379887189124,1.1658843302191801
12850,2020-04-10,99.04182979876752,0.7738274571099213
12930,2020-04-10,98.85738767552792,1.705286937599948
13800,2020-04-10,100.0,0.0
14000,2020-04-10,99.46789988053601,0.39249926066085017
14100,2020-04-10,100.0,0.0029063469155099497
14170,2020-04-10,98.41580878447812,2.602341256766416
14500,2020-04-10,99.83747277914672,0.36726619742684097
14700,2020-04-10,99.02004164253209,1.4477617336277504
14900,2020-04-10,99.48880787495989,0.5997934694105922
15350,2020-04-10,98.7111475342918,1.5650069340101158
15950,2020-04-10,97.84130430982991,3.0442174537003597
15990,2020-04-10,99.02745310603993,2.0234132491966594
16260,2020-04-10,99.07227064643338,1.1549156363810154
16350,2020-04-10,99.75610103269585,1.1361244741626697
16550,2020-04-10,97.51841857822762,3.5378746181490284
16700,2020-04-10,99.64021746016829,0.4182244320502626
17100,2020-04-10,98.45628559266743,1.765521599910569
17150,2020-04-10,99.5214309994489,0.3007614971739958
17200,2020-04-10,95.65233095121509,6.56799690725185
17420,2020-04-10,100.0,0.01160983413199812
18050,2020-04-10,95.34175644104207,4.16522451750434
18250,2020-04-10,98.97575574394719,1.8214004501721393
18400,2020-04-10,100.0,0.0
18450,2020-04-10,100.0,0.0
18500,2020-04-10,96.576376981109,3.7094198221388153
10500,2020-04-11,97.92375912634114,1.4509856551493616
10750,2020-04-11,99.58863228562761,0.19086299138137974
10900,2020-04-11,100.0,0.00031375194735616674
11300,2020-04-11,97.07784799717847,1.3625856895027155
11450,2020-04-11,99.83623412151003,0.38072951200955885
11500,2020-04-11,99.66435487814749,0.3664103213705694
11520,2020-04-11,98.89834632129072,0.49694978092418296
11570,2020-04-11,98.59926117357409,0.6617269437786399
12380,2020-04-11,98.07836407726663,0.8558224554946259
12850,2020-04-11,98.68486094945096,0.4106161018504251
12930,2020-04-11,97.91896966990188,0.7398348376226771
13800,2020-04-11,100.0,0.0
14000,2020-04-11,99.32671464385152,0.250001642972264
14100,2020-04-11,100.0,0.0029063469155099497
14170,2020-04-11,97.59888553157448,1.7506667198171844
14500,2020-04-11,99.67264344343491,0.20156218515552382
14700,2020-04-11,98.7960191690235,1.2182467976764588
14900,2020-04-11,99.52491848276382,0.6363073222220184
15350,2020-04-11,98.0114275391965,0.8450571823467534
15950,2020-04-11,97.5236051812798,2.709624018769219
15990,2020-04-11,98.39232627348457,1.369071394781174
16260,2020-04-11,98.86689962249078,0.9452274111539039
16350,2020-04-11,99.45131900669566,0.8271261011314257
16550,2020-04-11,96.42491473709039,2.3768727761502406
16700,2020-04-11,99.22556958627395,0.0003389203326875645
17100,2020-04-11,97.95284840891237,1.2451632775421828
17150,2020-04-11,99.64016261083657,0.42042286976857746
17200,2020-04-11,94.74258237401861,5.554429515878012
17420,2020-04-11,100.0,0.01160983413199812
18050,2020-04-11,93.80457444259187,2.4857829593676772
18250,2020-04-11,98.61319471505166,1.4484154556821505
18400,2020-04-11,100.0,0.0
18450,2020-04-11,100.0,0.0
18500,2020-04-11,95.16902851931358,2.198125890612146
10500,2020-04-12,98.48472648278127,2.0321591286655227
10750,2020-04-12,99.80010866538984,0.4036182075580763
10900,2020-04-12,100.0,0.00031375194735616674
11300,2020-04-12,98.01498418772817,2.341084382840952
11450,2020-04-12,100.0,0.5453885508510004
11500,2020-04-12,99.8714303758005,0.5749444998173647
11520,2020-04-12,99.20299204415916,0.8065198298774945
11570,2020-04-12,99.13506072063207,1.208734163311509
12380,2020-04-12,98.74632466242792,1.5426988610923287
12850,2020-04-12,98.90314335817547,0.6327157322633559
12930,2020-04-12,98.84191948702406,1.6893731390748234
13800,2020-04-12,100.0,0.0
14000,2020-04-12,99.75623332310694,0.6835128937514368
14100,2020-04-12,100.0,0.0029063469155099497
14170,2020-04-12,98.91445857960636,3.1222032289360158
14500,2020-04-12,99.8198324991207,0.3495323082178592
14700,2020-04-12,99.09216802573678,1.521656472679389
14900,2020-04-12,99.68562729473093,0.7988107599245176
15350,2020-04-12,98.9162702603367,1.7760600076848654
15950,2020-04-12,98.57989383964072,3.822083005020538
15990,2020-04-12,99.07195196888885,2.0692583732623504
16260,2020-04-12,99.28010051062863,1.3671143903029481
16350,2020-04-12,99.91772233295328,1.2999816395018904
16550,2020-04-12,97.82550353184163,3.8639148050999994
16700,2020-04-12,99.95285870696725,0.7333068323905234
17100,2020-04-12,98.84857078439725,2.1709919760475316
17150,2020-04-12,99.86667542255931,0.6487094536379523
17200,2020-04-12,96.38053505247768,7.379302305034363
17420,2020-04-12,100.0,0.01160983413199812
18050,2020-04-12,95.26956153157636,4.086348280751073
18250,2020-04-12,99.20074636886818,2.0528597640760538
18400,2020-04-12,100.0,0.0
18450,2020-04-12,100.0,0.0
18500,2020-04-12,96.68891922829712,3.8302743367334413
10500,2020-04-13,98.63801775452028,2.190971971932587
10750,2020-04-13,99.714248580255,0.3172389107574114
10900,2020-04-13,100.0,0.00031375194735616674
11300,2020-04-13,97.98528478830843,2.3100741371389955
11450,2020-04-13,99.9097857349689,0.45468226754719065
11500,2020-04-13,99.8524633559261,0.555843872500672
11520,2020-04-13,99.23104002337185,0.8350211796294582
11570,2020-04-13,98.9175843083847,0.9867086535278125
12380,2020-04-13,98.52026355725562,1.3102359840668765
12850,2020-04-13,99.19335070754055,0.9279980933740273
12930,2020-04-13,98.50919564678797,1.3470641378167558
13800,2020-04-13,100.0,0.0
14000,2020-04-13,99.50307837898148,0.42800475925306447
14100,2020-04-13,100.0,0.0029063469155099497
14170,2020-04-13,98.5874910958606,2.7813268010379977
14500,2020-04-13,99.75455573977156,0.28390915390792415
14700,2020-04-13,98.86261851572645,1.2864789913199282
14900,2020-04-13,99.377222153569,0.48696167691220094
15350,2020-04-13,98.22626339526218,1.066104204451368
15950,2020-04-13,97.50226827612491,2.6871524796776347
15990,2020-04-13,98.72528555052419,1.7121039665690452
16260,2020-04-13,99.06876680051172,1.1513381344594897
16350,2020-04-13,99.53634868079553,0.9133320736457673
16550,2020-04-13,97.5690601791339,3.5916421402391263
16700,2020-04-13,99.68506956505078,0.4634267494392441
17100,2020-04-13,98.55007974919192,1.8624682925902913
17150,2020-04-13,99.86335925120365,0.6453673140717653
17200,2020-04-13,95.6452498146258,6.560107684536187
17420,2020-04-13,100.0,0.01160983413199812
18050,2020-04-13,95.52981686545343,4.370689122551563
18250,2020-04-13,98.65624461486837,1.4927030800163221
18400,2020-04-13,100.0,0.0
18450,2020-04-13,100.0,0.0
18500,2020-04-13,96.97276409985366,4.135083730798583
10500,2020-04-14,96.22868377196505,-0.30514653376439993
10750,2020-04-14,99.42138327193352,0.022602592258635923
10900,2020-04-14,100.0,0.00031375194735616674
11300,2020-04-14,94.78435793438067,-1.0321324445985103
11450,2020-04-14,99.42183175477194,-0.03593295779118488
11500,2020-04-14,99.27870573299856,-0.02195541269178758
11520,2020-04-14,98.54424784006184,0.1371276139290778
11570,2020-04-14,97.76565185244877,-0.1893195332652975
12380,2020-04-14,96.93327317368926,-0.32169601102077783
12850,2020-04-14,98.33281367279604,0.052412385436362285
12930,2020-04-14,96.91566102186339,-0.2923772846585071
13800,2020-04-14,100.0,0.0
14000,2020-04-14,98.90311122851996,-0.17753935881387184
14100,2020-04-14,99.99208939580997,-0.005004487184123718
14170,2020-04-14,95.21389970375279,-0.7357745625442336
14500,2020-04-14,99.49711135171569,0.025098622072894372
14700,2020-04-14,96.98531541957367,-0.6368508118308136
14900,2020-04-14,98.42892043180461,-0.4719296737217604
15350,2020-04-14,96.56266125580734,-0.6455946973415339
15950,2020-04-14,94.22171666903824,-0.7678492249016622
15990,2020-04-14,96.53717763198536,-0.5422026060525997
16260,2020-04-14,97.7752595162068,-0.16936057735125187
16350,2020-04-14,98.48690011802277,-0.1506345346625193
16550,2020-04-14,93.86189469767831,-0.3443531353587326
16700,2020-04-14,99.04401027194852,-0.18263803855390615
17100,2020-04-14,95.94428526913975,-0.8309101224941218
17150,2020-04-14,98.99548029194565,-0.22930781496084407
17200,2020-04-14,88.7586094707221,-1.112423236271054
17420,2020-04-14,100.0,0.01160983413199812
18050,2020-04-14,91.65257653961766,0.13462693820578409
18250,2020-04-14,96.67937589432877,-0.5410024483579079
18400,2020-04-14,100.0,0.0
18450,2020-04-14,100.0,0.0
18500,2020-04-14,93.25923915663604,0.1472812329737394
10500,2020-04-15,95.92142801570333,-0.6234696822941976
10750,2020-04-15,99.3659754572917,-0.033140283589983
10900,2020-04-15,100.0,0.00031375194735616674
11300,2020-04-15,95.46778723268746,-0.31853853783667674
11450,2020-04-15,99.2685552035231,-0.19004546180166892
11500,2020-04-15,99.08661701706559,-0.21539723956163215
11520,2020-04-15,97.99400533195409,-0.42200907299781987
11570,2020-04-15,97.64452656811092,-0.3129784750553366
12380,2020-04-15,96.84621107411675,-0.41122360193949214
12850,2020-04-15,98.34710008819259,0.06694863505005699
12930,2020-04-15,96.98443531750362,-0.22162172823029236
13800,2020-04-15,100.0,0.0
14000,2020-04-15,99.13392574686688,0.05542068548507473
14100,2020-04-15,99.99852371396709,0.001430017976611353
14170,2020-04-15,94.88136032208362,-1.0824599125986323
14500,2020-04-15,99.45898518650714,-0.013229861872610105
14700,2020-04-15,97.31117582835212,-0.3030011329191451
14900,2020-04-15,98.77017310982393,-0.12686624736356622
15350,2020-04-15,97.21713115463865,0.02779672270867284
15950,2020-04-15,93.82139478530948,-1.1894590504186509
15990,2020-04-15,96.31656503435357,-0.7694895806258595
16260,2020-04-15,97.57566623985481,-0.3731495982270072
16350,2020-04-15,98.4304597138902,-0.20785573395391
16550,2020-04-15,93.12387362901433,-1.1279295508395348
16700,2020-04-15,98.98178849366292,-0.2453456545719268
17100,2020-04-15,96.61666526942577,-0.13593060919476763
17150,2020-04-15,99.29105185696247,0.06857830615272231
17200,2020-04-15,87.68855085360488,-2.304594950912142
17420,2020-04-15,100.0,0.01160983413199812
18050,2020-04-15,90.40089546525199,-1.232891817505799
18250,2020-04-15,96.8152659743557,-0.4012054025902323
18400,2020-04-15,100.0,0.0
18450,2020-04-15,100.0,0.0
18500,2020-04-15,92.31741789893337,-0.8641020811011701
10500,2020-04-16,95.42019664879346,-1.1427554681745833
10750,2020-04-16,99.19241176900098,-0.20775354330359042
10900,2020-04-16,99.99871233273777,-0.0009739193549740399
11300,2020-04-16,95.48260848721374,-0.3030631156580754
11450,2020-04-16,99.15265871635975,-0.3065740351368529
11500,2020-04-16,98.95048562680493,-0.3524875662809901
11520,2020-04-16,97.90913698040569,-0.5082492456680576
11570,2020-04-16,97.47443120802754,-0.48663183196006043
12380,2020-04-16,96.33568222075391,-0.9362100031462539
12850,2020-04-16,98.00830519422762,-0.2777709471420753
12930,2020-04-16,96.74187240418878,-0.47117243232212
13800,2020-04-16,100.0,0.0
14000,2020-04-16,98.82631525960343,-0.25504918119810815
14100,2020-04-16,100.0,0.0029063469155099497
14170,2020-04-16,94.66313242097624,-1.3099710600221304
14500,2020-04-16,99.31796931367487,-0.15499404372372183
14700,2020-04-16,96.79134318387673,-0.8355787544119697
14900,2020-04-16,98.40257521737136,-0.4985690835961232
15350,2020-04-16,96.26413026139366,-0.9527565860948717
15950,2020-04-16,93.18640375792417,-1.8582170352860583
15990,2020-04-16,96.29290706537691,-0.79386329387241
16260,2020-04-16,97.14969951007707,-0.8080707758019723
16350,2020-04-16,97.92468192032405,-0.7206304450425915
16550,2020-04-16,92.34882074196193,-1.9508236236929877
16700,2020-04-16,98.61697166562213,-0.6130110315511916
17100,2020-04-16,96.22129162230863,-0.5445932474766546
17150,2020-04-16,98.6340554033812,-0.5935629425548927
17200,2020-04-16,87.36066692373804,-2.6698963845155577
17420,2020-04-16,99.9385281446608,-0.04986915798764757
18050,2020-04-16,90.69279172112876,-0.913981822932497
18250,2020-04-16,96.53527796672066,-0.6892433249315988
18400,2020-04-16,100.0,0.0
18450,2020-04-16,100.0,0.0
18500,2020-04-16,91.91971555437914,-1.2911783569454327
10500,2020-04-17,95.43949064354935,-1.1227665012203625
10750,2020-04-17,99.22635507101867,-0.1736049799196171
10900,2020-04-17,99.99872132067325,-0.0009649313912785118
11300,2020-04-17,94.98228458810863,-0.8254698762305002
11450,2020-04-17,99.106815996032,-0.35266677641266897
11500,2020-04-17,99.07895833822442,-0.2231098676525045
11520,2020-04-17,98.21975539179964,-0.19260996501238026
11570,2020-04-17,97.44222685501917,-0.5195098246584373
12380,2020-04-17,96.33532406146556,-0.936578305064184
12850,2020-04-17,98.13896118530896,-0.14483010458877787
12930,2020-04-17,96.61182195221595,-0.6049693982876247
13800,2020-04-17,100.0,0.0
14000,2020-04-17,98.66117564159876,-0.42172384707878097
14100,2020-04-17,100.0,0.0029063469155099497
14170,2020-04-17,94.67739673142684,-1.2950999568251853
14500,2020-04-17,99.28678441417934,-0.18634442772164084
14700,2020-04-17,96.64633359574496,-0.9841436095853417
14900,2020-04-17,98.63831927483076,-0.2601924862821514
15350,2020-04-17,96.9126548335619,-0.28548237933659903
15950,2020-04-17,94.12772354752363,-0.8668406245035398
15990,2020-04-17,96.47200170667311,-0.6093503530002042
16260,2020-04-17,97.3861378729836,-0.5666621304064479
16350,2020-04-17,98.25842435992264,-0.3822710207654567
16550,2020-04-17,92.56516985528332,-1.7211200692731854
16700,2020-04-17,99.03249557495177,-0.19424264417160497
17100,2020-04-17,95.55400823356376,-1.2343048458962724
17150,2020-04-17,98.81148878511283,-0.4147401189280808
17200,2020-04-17,87.21268894944288,-2.8347613297835417
17420,2020-04-17,100.0,0.01160983413199812
18050,2020-04-17,90.17783618139609,-1.4765942753887984
18250,2020-04-17,96.44146992631218,-0.7857484334410803
18400,2020-04-17,100.0,0.0
18450,2020-04-17,100.0,0.0
18500,2020-04-17,91.61409690278985,-1.6193697225145631
10500,2020-04-18,97.61865709567662,1.134893809692672
10750,2020-04-18,99.49083432609389,0.09247362966811057
10900,2020-04-18,100.0,0.00031375194735616674
11300,2020-04-18,96.90335844327952,1.1803946673086374
11450,2020-04-18,99.78583867176735,0.3300592112538192
11500,2020-04-18,99.5292727136867,0.23037661140528076
11520,2020-04-18,98.79165030069508,0.3885291144269942
11570,2020-04-18,98.31100834111848,0.36744453672958866
12380,2020-04-18,97.69303461020114,0.45958093288305246
12850,2020-04-18,98.39236763831008,0.11300780312293313
12930,2020-04-18,97.87050794335373,0.6899770179901177
13800,2020-04-18,100.0,0.0
14000,2020-04-18,99.12678374017374,0.048212290590621265
14100,2020-04-18,100.0,0.0029063469155099497
14170,2020-04-18,97.5078244103277,1.6557319288239336
14500,2020-04-18,99.66217910782852,0.19104231993709586
14700,2020-04-18,98.4902066784068,0.9049365609948179
14900,2020-04-18,99.39210031959367,0.5020059865310955
15350,2020-04-18,97.79539095312057,0.6227747156660968
15950,2020-04-18,96.90300380479869,2.0560208841699623
15990,2020-04-18,98.12424792839658,1.0928826519000845
16260,2020-04-18,98.59170943818026,0.6642523240153908
16350,2020-04-18,99.14610868093715,0.517693503253569
16550,2020-04-18,96.23277758657002,2.172875700622323
16700,2020-04-18,99.52252380166212,0.29961180237765284
17100,2020-04-18,97.5517143456037,0.8305466084451485
17150,2020-04-18,99.66563936672564,0.4460991285450966
17200,2020-04-18,93.16468353250546,3.7964637957525804
17420,2020-04-18,99.99150682276412,0.003115670852338326
18050,2020-04-18,92.67912988488374,1.256183365110508
18250,2020-04-18,98.20823483187962,1.0318126005608663
18400,2020-04-18,100.0,0.0
18450,2020-04-18,100.0,0.0
18500,2020-04-18,94.5089009478057,1.4892419006580448
10500,2020-04-19,98.42508918820452,1.970373690988314
10750,2020-04-19,99.68367712564188,0.2864825849570263
10900,2020-04-19,100.0,0.00031375194735616674
11300,2020-04-19,97.78031821871981,2.096060931221899
11450,2020-04-19,99.94277190666988,0.48784834205197747
11500,2020-04-19,99.79439589996525,0.4973673778862153
11520,2020-04-19,99.05694782996183,0.6581149413639631
11570,2020-04-19,98.86816502650562,0.9362556359386431
12380,2020-04-19,98.42149480300583,1.2086702204401556
12850,2020-04-19,98.75283547980902,0.4797793393198857
12930,2020-04-19,98.5212339425828,1.359449234741139
13800,2020-04-19,100.0,0.0
14000,2020-04-19,99.43648770326912,0.36079509291599976
14100,2020-04-19,100.0,0.0029063469155099497
14170,2020-04-19,98.5629525556165,2.7557444102497275
14500,2020-04-19,99.74291776954057,0.2722094261037533
14700,2020-04-19,99.16444403854756,1.5957045098752731
14900,2020-04-19,99.52222491313559,0.6335836736621081
15350,2020-04-19,98.80876098355267,1.6654425068778123
15950,2020-04-19,98.53842754429326,3.778411653898184
15990,2020-04-19,98.99915257751408,1.9942565211742647
16260,2020-04-19,99.104294580988,1.1876127611877951
16350,2020-04-19,99.75853408606746,1.1385911863346143
16550,2020-04-19,97.35738076262352,3.366896525970242
16700,2020-04-19,99.70785568177867,0.4863907838606796
17100,2020-04-19,98.38647622337004,1.6933658524502126
17150,2020-04-19,99.87722446939551,0.6593411077461697
17200,2020-04-19,95.50113972664005,6.399552021563348
17420,2020-04-19,100.0,0.01160983413199812
18050,2020-04-19,95.21621592984168,4.028065773808276
18250,2020-04-19,98.90880886742133,1.752528788901242
18400,2020-04-19,100.0,0.0
18450,2020-04-19,100.0,0.0
18500,2020-04-19,96.52658363111203,3.655948780869611
10500,2020-04-20,96.68979383311223,0.17257277170601437
10750,2020-04-20,99.48556426850428,0.08717170307468436
10900,2020-04-20,100.0,0.00031375194735616674
11300,2020-04-20,95.25677778909788,-0.5388613328760172
11450,2020-04-20,99.62620996313065,0.16955990591633885
11500,2020-04-20,99.31030342229279,0.009864856980246195
11520,2020-04-20,98.11426029765077,-0.29981029315911956
11570,2020-04-20,97.9638178284578,0.012991611150403592
12380,2020-04-20,97.31479306039742,0.07062804861346361
12850,2020-04-20,98.38075695602619,0.10119407860356144
12930,2020-04-20,97.10672879487217,-0.09580520102052681
13800,2020-04-20,100.0,0.0
14000,2020-04-20,99.06360218159026,-0.015556569322949798
14100,2020-04-20,100.0,0.0029063469155099497
14170,2020-04-20,95.98990596990078,0.0732424106441476
14500,2020-04-20,99.48514920553984,0.013072998065166708
14700,2020-04-20,97.6422864014346,0.036227430999469235
14900,2020-04-20,98.68398510401101,-0.2140167095061707
15350,2020-04-20,97.14528734917869,-0.046124174595973955
15950,2020-04-20,93.79094493732455,-1.2215281318697202
15990,2020-04-20,96.87040762700188,-0.1988911260310644
16260,2020-04-20,97.74754621001007,-0.19765645804565857
16350,2020-04-20,98.44327941845178,-0.19485868191558842
16550,2020-04-20,94.50450673637728,0.3379249989770239
16700,2020-04-20,99.23946047855169,0.014338274949365903
17100,2020-04-20,96.20547299873358,-0.5609435543099561
17150,2020-04-20,99.57228381372316,0.35201252868308774
17200,2020-04-20,88.28522792336007,-1.639826204641548
17420,2020-04-20,100.0,0.01160983413199812
18050,2020-04-20,92.20648557910918,0.7397978687055717
18250,2020-04-20,97.24222422114958,0.03802828949464043
18400,2020-04-20,100.0,0.0
18450,2020-04-20,100.0,0.0
18500,2020-04-20,93.55020691280036,0.45973960138667724
10500,2020-04-21,95.9317809016888,-0.6127438840101918
10750,2020-04-21,99.3491801424047,-0.05003716282327986
10900,2020-04-21,100.0,0.00031375194735616674
11300,2020-04-21,94.75059112690113,-1.0673896220825596
11450,2020-04-21,99.27695210830518,-0.18160276126228947
11500,2020-04-21,99.14468835810403,-0.15691683250232957
11520,2020-04-21,98.20957487958334,-0.2029550361182353
11570,2020-04-21,97.47252964391335,-0.48857317234487496
12380,2020-04-21,96.75041354747879,-0.5097339964508008
12850,2020-04-21,98.32811439395425,0.04763092778217182
12930,2020-04-21,96.70539561015542,-0.5087000556081356
13800,2020-04-21,100.0,0.0
14000,2020-04-21,98.98365408565296,-0.09624781918261549
14100,2020-04-21,100.0,0.0029063469155099497
14170,2020-04-21,94.68906246057504,-1.2829379765716409
14500,2020-04-21,99.43488891634372,-0.03745400031014423
14700,2020-04-21,97.24236426997074,-0.3734997760564185
14900,2020-04-21,98.49401743207244,-0.4061057391275158
15350,2020-04-21,97.2326640889514,0.04377873305489999
15950,2020-04-21,93.59304232651785,-1.4299546221589798
15990,2020-04-21,96.65621055533963,-0.41956848037607575
16260,2020-04-21,97.56328449011643,-0.38579163057413934
16350,2020-04-21,98.30130985656903,-0.3387922472161242
16550,2020-04-21,93.25242105285238,-0.991447363721687
16700,2020-04-21,99.07762680018632,-0.14875902701361188
17100,2020-04-21,95.97383217666116,-0.8003701073241332
17150,2020-04-21,98.84365309729229,-0.3823239350746688
17200,2020-04-21,86.98220817799852,-3.0915441378364994
17420,2020-04-21,100.0,0.01160983413199812
18050,2020-04-21,90.76485999839339,-0.8352439376439813
18250,2020-04-21,96.50761580936992,-0.7177007949428549
18400,2020-04-21,100.0,0.0
18450,2020-04-21,100.0,0.0
18500,2020-04-21,91.86783954910655,-1.3468858765033787
10500,2020-04-22,95.36222189771118,-1.2028184773245965
10750,2020-04-22,99.25799708718509,-0.1417716186840945
10900,2020-04-22,100.0,0.00031375194735616674
11300,2020-04-22,94.49562134705917,-1.3336130364933863
11450,2020-04-22,99.24874884294505,-0.20995984400266066
11500,2020-04-22,99.10358320373483,-0.19831153971522353
11520,2020-04-22,98.07563874167796,-0.3390561320981367
11570,2020-04-22,97.49328595203976,-0.4673826908330181
12380,2020-04-22,96.64459288138467,-0.6185513733730108
12850,2020-04-22,98.19885951163677,-0.08388430406598424
12930,2020-04-22,96.662932138803,-0.5523868213604288
13800,2020-04-22,100.0,0.0
14000,2020-04-22,99.16168212418948,0.08343507096204572
14100,2020-04-22,100.0,0.0029063469155099497
14170,2020-04-22,94.83625005066165,-1.1294891401159246
14500,2020-04-22,99.45899570807647,-0.013219284469945247
14700,2020-04-22,96.83302344364321,-0.792876600467729
14900,2020-04-22,98.91648014272543,0.021074587463920658
15350,2020-04-22,96.64753597378224,-0.5582661479834328
15950,2020-04-22,92.98141306881203,-2.0741085270630344
15990,2020-04-22,96.38136870072105,-0.7027253548833934
16260,2020-04-22,97.49209309362318,-0.4584795750345094
16350,2020-04-22,98.30635269085029,-0.3336796504897821
16550,2020-04-22,92.60753925659323,-1.676135359467279
16700,2020-04-22,98.98012676888021,-0.24702035437114134
17100,2020-04-22,95.9667663234437,-0.8076734524980478
17150,2020-04-22,99.05570011585647,-0.168616422817236
17200,2020-04-22,87.15831234331111,-2.8953432929876843
17420,2020-04-22,99.98340632922728,-0.004985763138365407
18050,2020-04-22,90.64554044552662,-0.9656060001614786
18250,2020-04-22,96.30416926836863,-0.9269966125477813
18400,2020-04-22,100.0,0.0
18450,2020-04-22,100.0,0.0
18500,2020-04-22,92.05190260891948,-1.1492280875016192
10500,2020-04-23,95.09642180295671,-1.4781927260325345
10750,2020-04-23,99.1570598460897,-0.2433192457698019
10900,2020-04-23,99.99887351338396,-0.0008127382030709285
11300,2020-04-23,95.02907099100742,-0.7766184557388756
11450,2020-04-23,98.97413753047192,-0.4860688551333592
11500,2020-04-23,98.66620017798373,-0.6387755780748683
11520,2020-04-23,97.88381873002875,-0.5339767429550779
11570,2020-04-23,97.25627804058298,-0.7093482530757034
12380,2020-04-23,96.58672195163874,-0.6780611365170275
12850,2020-04-23,97.80133462336735,-0.4883609235081243
12930,2020-04-23,96.40364709084535,-0.8191413939950598
13800,2020-04-23,100.0,0.0
14000,2020-04-23,98.91273782358968,-0.1678232801635704
14100,2020-04-23,100.0,0.0029063469155099497
14170,2020-04-23,94.25041849185514,-1.740241520836372
14500,2020-04-23,99.16523342169906,-0.30854043768893114
14700,2020-04-23,96.73452820954748,-0.8937866877055556
14900,2020-04-23,98.56397420160394,-0.33536776651554856
15350,2020-04-23,96.3818104369123,-0.8316741334935096
15950,2020-04-23,92.96110919149045,-2.095492104935759
15990,2020-04-23,95.91904368120247,-1.1790374788686497
16260,2020-04-23,97.04686368121416,-0.9130683651895066
16350,2020-04-23,97.58818700240775,-1.061780425354586
16550,2020-04-23,91.52542917320818,-2.825040148634672
16700,2020-04-23,98.73868335308778,-0.4903489994975696
17100,2020-04-23,96.01956677547146,-0.7530983127903901
17150,2020-04-23,98.49966607197844,-0.7290046473357181
17200,2020-04-23,86.62502052689634,-3.4894933787951943
17420,2020-04-23,99.94853496977126,-0.039861171101374104
18050,2020-04-23,89.12182814136568,-2.6303313019358066
18250,2020-04-23,96.16239932328018,-1.0728425749468307
18400,2020-04-23,100.0,0.0
18450,2020-04-23,100.0,0.0
18500,2020-04-23,91.17241564367498,-2.093673155310294
10500,2020-04-24,95.39773783985027,-1.1660232463344133
10750,2020-04-24,99.23585631942359,-0.16404627572480512
10900,2020-04-24,99.99807571086737,-0.00161054322278531
11300,2020-04-24,94.77311480786726,-1.0438718104594735
11450,2020-04-24,99.13787489898736,-0.3214384817565641
11500,2020-04-24,99.22162817995769,-0.07943503131414564
11520,2020-04-24,98.081734276914,-0.332862067977846
11570,2020-04-24,97.51253705261573,-0.4477289022905895
12380,2020-04-24,96.48822931113912,-0.779342967192509
12850,2020-04-24,98.03747784273357,-0.2480881408674085
12930,2020-04-24,96.35865299989695,-0.8654316818329733
13800,2020-04-24,100.0,0.0
14000,2020-04-24,98.72221756385451,-0.36011451238597836
14100,2020-04-24,100.0,0.0029063469155099497
14170,2020-04-24,94.56537359976967,-1.4118884659569897
14500,2020-04-24,99.32752910684836,-0.14538352094577434
14700,2020-04-24,96.9547192990733,-0.6681970715476049
14900,2020-04-24,98.54815163060509,-0.3513670272227376
15350,2020-04-24,96.36060794931264,-0.8534896108116197
15950,2020-04-24,94.06726794080255,-0.9305110827952157
15990,2020-04-24,96.13729826107468,-0.9541798611332086
16260,2020-04-24,97.21845377033598,-0.7378711997677034
16350,2020-04-24,98.08469983080424,-0.5583988507352311
16550,2020-04-24,91.99037005826044,-2.3314001597665612
16700,2020-04-24,99.1964411686616,-0.029016936686765415
17100,2020-04-24,95.45735968969471,-1.3342018653653698
17150,2020-04-24,98.63048001724101,-0.5971663267597349
17200,2020-04-24,86.96135431753056,-3.114777802042623
17420,2020-04-24,100.0,0.01160983413199812
18050,2020-04-24,89.35808179969294,-2.372213387169275
18250,2020-04-24,96.39882652053451,-0.8296178766558304
18400,2020-04-24,100.0,0.0
18450,2020-04-24,100.0,0.0
18500,2020-04-24,91.41065816861806,-1.8378342554555172
10500,2020-04-25,97.6021490637645,1.1177911563258647
10750,2020-04-25,99.64139221923864,0.24394197397745732
10900,2020-04-25,100.0,0.00031375194735616674
11300,2020-04-25,97.02496961592487,1.3073734082097
11450,2020-04-25,99.86101311529431,0.4056436475889491
11500,2020-04-25,99.69486327307031,0.3971336234660283
11520,2020-04-25,98.72392453625393,0.3197086234775881
11570,2020-04-25,98.41716872123787,0.4758255435305836
12380,2020-04-25,98.0028897549645,0.778210793415357
12850,2020-04-25,98.43698962763862,0.1584101211387079
12930,2020-04-25,98.0164506936771,0.8401241101509971
13800,2020-04-25,100.0,0.0
14000,2020-04-25,99.24590556080074,0.1684414027322001
14100,2020-04-25,100.0,0.0029063469155099497
14170,2020-04-25,97.40582951368013,1.5493982480714763
14500,2020-04-25,99.68664273991689,0.21563576972725151
14700,2020-04-25,98.7153409144958,1.1355905171231084
14900,2020-04-25,99.44970093199285,0.5602498215396823
15350,2020-04-25,97.81228158537283,0.640153676651467
15950,2020-04-25,97.32533298039966,2.5008082846921464
15990,2020-04-25,98.30197392756833,1.275985543975966
16260,2020-04-25,98.66897418175706,0.74314128625661
16350,2020-04-25,99.56101435470757,0.938338971882402
16550,2020-04-25,96.31695486867777,2.262248939110356
16700,2020-04-25,99.74186684754469,0.5206675143229811
17100,2020-04-25,97.89618365804402,1.186593955190296
17150,2020-04-25,99.74239615807706,0.5234569854942084
17200,2020-04-25,94.00332131245791,4.730805358070156
17420,2020-04-25,100.0,0.01160983413199812
18050,2020-04-25,92.32899541733663,0.8736454637250368
18250,2020-04-25,98.5256642614026,1.3583684203693602
18400,2020-04-25,100.0,0.0
18450,2020-04-25,100.0,0.0
18500,2020-04-25,94.60833310310105,1.5960180239678046
10500,2020-04-26,98.32419927379676,1.8658497087530757
10750,2020-04-26,99.61342989862649,0.21581056008941335
10900,2020-04-26,100.0,0.00031375194735616674
11300,2020-04-26,97.65604268391203,1.9663002308566657
11450,2020-04-26,99.93373164544298,0.47875877627538976
11500,2020-04-26,99.86579540818519,0.5692698383747974
11520,2020-04-26,98.87991006392596,0.4782155179212877
11570,2020-04-26,98.89521733502907,0.9638738154399418
12380,2020-04-26,98.33543197305036,1.1201701972223033
12850,2020-04-26,98.60082586886774,0.3251114546902967
12930,2020-04-26,98.35182623355429,1.1851612016329005
13800,2020-04-26,100.0,0.0
14000,2020-04-26,99.5921739723376,0.5179285366815112
14100,2020-04-26,100.0,0.0029063469155099497
14170,2020-04-26,98.40189951143672,2.587840293995791
14500,2020-04-26,99.66727140971919,0.19616164442710637
14700,2020-04-26,99.03703810024534,1.4651749013441684
14900,2020-04-26,99.5496064137322,0.6612709418457152
15350,2020-04-26,98.53724295544639,1.3860745621606885
15950,2020-04-26,98.32537422285505,3.5540287826928862
15990,2020-04-26,98.86625213587757,1.857335331617227
16260,2020-04-26,98.95508238807284,1.0352639082971793
16350,2020-04-26,99.67228618979183,1.051150138788981
16550,2020-04-26,97.52506146739186,3.544927548615062
16700,2020-04-26,99.74750603517528,0.5263507336448425
17100,2020-04-26,98.32098153374028,1.6256698063108033
17150,2020-04-26,99.78165465216408,0.5630229042377088
17200,2020-04-26,95.19711575697585,6.060833402406751
17420,2020-04-26,100.0,0.01160983413199812
18050,2020-04-26,94.50870118564782,3.25507359357744
18250,2020-04-26,98.64700277644467,1.4831955301727984
18400,2020-04-26,100.0,0.0
18450,2020-04-26,100.0,0.0
18500,2020-04-26,96.44834293168904,3.5719292949737635
10500,2020-04-27,97.19255926369566,0.693447878432818
10750,2020-04-27,99.42058190748477,0.021796381812233534
10900,2020-04-27,100.0,0.00031375194735616674
11300,2020-04-27,95.63485447760507,-0.14409742404762893
11450,2020-04-27,99.71244643594656,0.2562667025816534
11500,2020-04-27,99.35984780578596,0.05975824091750681
11520,2020-04-27,98.50387211490735,0.09609925122988638
11570,2020-04-27,98.07378015191492,0.12525408904522362
12380,2020-04-27,97.66448070883216,0.4302184202231496
12850,2020-04-27,98.38704464263718,0.10759172136649564
12930,2020-04-27,97.12611455311263,-0.07586097479010956
13800,2020-04-27,100.0,0.0
14000,2020-04-27,99.17220235343483,0.09405309052417099
14100,2020-04-27,100.0,0.0029063469155099497
14170,2020-04-27,96.10554203403628,0.19379754361066315
14500,2020-04-27,99.43801320057922,-0.03431313687669579
14700,2020-04-27,97.80238263570804,0.20024881858538013
14900,2020-04-27,98.85524578390385,-0.04084357179701126
15350,2020-04-27,97.49816491743037,0.3169555135809743
15950,2020-04-27,94.41234347703661,-0.5670854432406336
15990,2020-04-27,96.99746782495906,-0.06798686991706937
16260,2020-04-27,98.04442753438973,0.1054657488614108
16350,2020-04-27,98.45594953305763,-0.18201328925675497
16550,2020-04-27,94.36454492646973,0.1893238573997369
16700,2020-04-27,99.00767911260236,-0.21925287748234545
17100,2020-04-27,97.1403586820175,0.4053647786012249
17150,2020-04-27,99.6374067042112,0.4176453822428927
17200,2020-04-27,88.73229107606208,-1.1417450371392746
17420,2020-04-27,100.0,0.01160983413199812
18050,2020-04-27,92.05043400398849,0.5693043938050035
18250,2020-04-27,97.13254673102789,-0.07480253011478144
18400,2020-04-27,100.0,0.0
18450,2020-04-27,100.0,0.0
18500,2020-04-27,93.35462658153047,0.24971388579591025
10500,2020-04-28,96.10888186487948,-0.42926372111131705
10750,2020-04-28,99.33064914271668,-0.06868022286161679
10900,2020-04-28,100.0,0.00031375194735616674
11300,2020-04-28,94.70235370511601,-1.1177561052711504
11450,2020-04-28,99.45818418724447,0.0006177366860038447
11500,2020-04-28,99.24942106519147,-0.05144636749548903
11520,2020-04-28,97.98818222294075,-0.42792630736876447
11570,2020-04-28,97.5384443238727,-0.4212797115554112
12380,2020-04-28,96.76068536917825,-0.4991712894219624
12850,2020-04-28,98.23016805715116,-0.05202824920501614
12930,2020-04-28,96.57103822563631,-0.6469280289140067
13800,2020-04-28,100.0,0.0
14000,2020-04-28,99.19682364508473,0.11890324828087717
14100,2020-04-28,100.0,0.0029063469155099497
14170,2020-04-28,94.63401681573579,-1.340325220615568
14500,2020-04-28,99.39748046629538,-0.07506096049774147
14700,2020-04-28,96.76609808755006,-0.8614427964241611
14900,2020-04-28,98.40493469261517,-0.49618326023274095
15350,2020-04-28,96.7029702698414,-0.5012291789655787
15950,2020-04-28,93.14598669322045,-1.900783360761249
15990,2020-04-28,96.28054459326458,-0.8065997781657841
16260,2020-04-28,97.61969155803159,-0.32819880304507665
16350,2020-04-28,98.12988471531628,-0.5125888796452149
16550,2020-04-28,92.86010608985663,-1.4079784974468823
16700,2020-04-28,98.76134313532793,-0.4675122860040126
17100,2020-04-28,95.99466265912106,-0.7788394869076898
17150,2020-04-28,98.84764389699043,-0.3783018842994146
17200,2020-04-28,86.81742974763561,-3.2751267759454583
17420,2020-04-28,100.0,0.01160983413199812
18050,2020-04-28,90.47499944719054,-1.1519298318616311
18250,2020-04-28,96.42761759018484,-0.7999990370701204
18400,2020-04-28,100.0,0.0
18450,2020-04-28,100.0,0.0
18500,2020-04-28,91.98551719333841,-1.2205166691379943
10500,2020-04-29,95.12006289388043,-1.453700079941611
10750,2020-04-29,99.2638968410337,-0.1358361879430281
10900,2020-04-29,100.0,0.00031375194735616674
11300,2020-04-29,94.25548484214536,-1.5843484777776862
11450,2020-04-29,99.09496297073346,-0.3645844467541126
11500,2020-04-29,98.85187283315717,-0.4517950079665267
11520,2020-04-29,98.13346033629587,-0.2802999030334874
11570,2020-04-29,97.42992441815652,-0.5320695997061531
12380,2020-04-29,96.65568005089159,-0.6071502288918174
12850,2020-04-29,98.09108161700149,-0.19354696861624276
12930,2020-04-29,96.69029181458745,-0.5242389637080347
13800,2020-04-29,100.0,0.0
14000,2020-04-29,98.76357460830124,-0.3183730353966352
14100,2020-04-29,100.0,0.0029063469155099497
14170,2020-04-29,94.45526468944362,-1.5266813242611255
14500,2020-04-29,99.23542199336238,-0.23797940624401548
14700,2020-04-29,96.93183059629537,-0.6916469472221687
14900,2020-04-29,98.68672823133883,-0.21124294983878578
15350,2020-04-29,96.81005060808985,-0.39105301782914603
15950,2020-04-29,93.06419643790029,-1.9869229815916878
15990,2020-04-29,95.88202622485008,-1.2171748552063932
16260,2020-04-29,97.25785909123086,-0.6976375210124175
16350,2020-04-29,98.11621646888644,-0.5264462122590796
16550,2020-04-29,92.22616331086658,-2.081052250314397
16700,2020-04-29,98.99350100120952,-0.23354169386753387
17100,2020-04-29,96.05455271265953,-0.7169364555237534
17150,2020-04-29,99.02163230001565,-0.20295101625167344
17200,2020-04-29,86.28630680983804,-3.8668604747452373
17420,2020-04-29,99.97318229613278,-0.015210983226154884
18050,2020-04-29,90.08348139987173,-1.579681184720727
18250,2020-04-29,96.14080108534131,-1.095061782243223
18400,2020-04-29,100.0,0.0
18450,2020-04-29,100.0,0.0
18500,2020-04-29,91.80344390784812,-1.4160377209062047
10500,2020-04-30,95.1820404292094,-1.3894901057361908
10750,2020-04-30,99.09690324391387,-0.3038396259406828
10900,2020-04-30,99.99889118445121,-0.0007950670803724691
11300,2020-04-30,95.01554285259546,-0.7907436873678342
11450,2020-04-30,98.89069077274571,-0.5699707219222638
11500,2020-04-30,98.65366465812801,-0.6513994006137169
11520,2020-04-30,98.0539750591629,-0.3610699886970492
11570,2020-04-30,97.58641124559827,-0.37230943409487516
12380,2020-04-30,96.78642922086502,-0.4726984035875681
12850,2020-04-30,98.04014787930453,-0.2453714119332595
12930,2020-04-30,96.39799417096147,-0.8249571640891795
13800,2020-04-30,100.0,0.0
14000,2020-04-30,98.8356303112807,-0.24564754187783588
14100,2020-04-30,100.0,0.0029063469155099497
14170,2020-04-30,94.51359974641656,-1.465864739032663
14500,2020-04-30,99.36206510162498,-0.11066425888266451
14700,2020-04-30,96.88806552580544,-0.7364850261571965
14900,2020-04-30,98.55902838156283,-0.34036881623460413
15350,2020-04-30,96.65756639043117,-0.5479457397828735
15950,2020-04-30,92.91349705201019,-2.145636118127825
15990,2020-04-30,96.05970558672959,-1.0341200113796467
16260,2020-04-30,97.09004960674191,-0.8689746079258875
16350,2020-04-30,97.7108001664828,-0.9374710337916592
16550,2020-04-30,91.8966504636398,-2.430904722889793
16700,2020-04-30,98.89626845227949,-0.3315334503032341
17100,2020-04-30,96.08241532901341,-0.6881373426045223
17150,2020-04-30,98.56968302117646,-0.6584394107656211
17200,2020-04-30,86.72976141168512,-3.3727996592043286
17420,2020-04-30,99.95691837508768,-0.0314767924855075
18050,2020-04-30,89.93017693630561,-1.747173314748507
18250,2020-04-30,96.4072362487898,-0.8209663609192508
18400,2020-04-30,100.0,0.0
18450,2020-04-30,100.0,0.0
18500,2020-04-30,91.42293702251993,-1.8246484966390142
10500,2020-05-01,95.05789274784453,-1.5181096027166552
10750,2020-05-01,99.07783870345402,-0.3230194531696484
10900,2020-05-01,99.99796847892777,-0.0017177754988217941
11300,2020-05-01,94.58049490262749,-1.24499340568619
11450,2020-05-01,98.93823922390216,-0.5221629469571054
11500,2020-05-01,98.92556712185426,-0.3775816021128864
11520,2020-05-01,97.87633157032754,-0.5415849259074013
11570,2020-05-01,97.34689654836296,-0.616834218207396
12380,2020-05-01,96.1474197266056,-1.1298038590744741
12850,2020-05-01,97.87739070318806,-0.410974810181175
12930,2020-05-01,95.92540320402136,-1.3111626063624593
13800,2020-05-01,100.0,0.0
14000,2020-05-01,98.51867142099947,-0.5655527092377044
14100,2020-05-01,100.0,0.0029063469155099497
14170,2020-05-01,93.6735669877413,-2.3416318422752824
14500,2020-05-01,99.21551151506688,-0.2579955406630363
14700,2020-05-01,96.36760189815854,-1.269709100927363
14900,2020-05-01,98.3292345265829,-0.5727287655122648
15350,2020-05-01,95.82375680516749,-1.405861774843964
15950,2020-05-01,92.20065247148173,-2.8963876793913546
15990,2020-05-01,95.62867555881328,-1.4781903502767646
16260,2020-05-01,96.98289847379885,-0.9783782154386245
16350,2020-05-01,97.82482089799663,-0.8218729422900806
16550,2020-05-01,91.68438804545343,-2.6562693254002068
16700,2020-05-01,99.27641872588441,0.05158509826903579
17100,2020-05-01,95.43112200983364,-1.361321425691664
17150,2020-05-01,98.6097751162939,-0.6180333632448742
17200,2020-05-01,85.59157709490351,-4.64087145154285
17420,2020-05-01,100.0,0.01160983413199812
18050,2020-05-01,88.32214123658727,-3.50402577841068
18250,2020-05-01,95.80645116975647,-1.439024567769387
18400,2020-05-01,100.0,0.0
18450,2020-05-01,100.0,0.0
18500,2020-05-01,90.67604970874568,-2.6267002240422332
10500,2020-05-02,96.87608717103804,0.3655764198724931
10750,2020-05-02,99.40622887830303,0.007356557233317851
10900,2020-05-02,100.0,0.00031375194735616674
11300,2020-05-02,96.21610367214147,0.46280644232012946
11450,2020-05-02,99.7563923218907,0.3004522643563101
11500,2020-05-02,99.5303304694191,0.2314418181784461
11520,2020-05-02,98.58826925316231,0.18186059386455788
11570,2020-05-02,98.06034506029798,0.11153796675675842
12380,2020-05-02,97.45297091506356,0.21271892980425644
12850,2020-05-02,98.05709952750667,-0.22812332115679235
12930,2020-05-02,97.5210631644877,0.33046537865704106
13800,2020-05-02,100.0,0.0
14000,2020-05-02,99.1546664103252,0.07635414284576925
14100,2020-05-02,100.0,0.0029063469155099497
14170,2020-05-02,96.8140366502632,0.9324309734480174
14500,2020-05-02,99.4408668705486,-0.031444323739859836
14700,2020-05-02,98.36138511122023,0.772956615952225
14900,2020-05-02,99.13807145510185,0.24514039683316557
15350,2020-05-02,97.12527536893639,-0.06671472554025115
15950,2020-05-02,96.62859186418711,1.767016522671172
15990,2020-05-02,97.54335819247027,0.49441877424016845
16260,2020-05-02,98.32384305580327,0.390754995909659
16350,2020-05-02,99.03344358822493,0.4034698044273588
16550,2020-05-02,95.45389973698977,1.3459205642651462
16700,2020-05-02,99.32236136320181,0.0978864631469456
17100,2020-05-02,97.01370471617416,0.27445381827848614
17150,2020-05-02,99.63228621588313,0.4124847964938061
17200,2020-05-02,91.51556808286509,1.959154360746651
17420,2020-05-02,100.0,0.01160983413199812
18050,2020-05-02,90.63102353728408,-0.9814663856088535
18250,2020-05-02,97.7676351903223,0.5785453109705685
18400,2020-05-02,100.0,0.0
18450,2020-05-02,100.0,0.0
18500,2020-05-02,92.95440339493905,-0.18006941917195762
10500,2020-05-03,97.8650946359632,1.3902080622046231
10750,2020-05-03,99.5688666890118,0.1709778685814456
10900,2020-05-03,100.0,0.00031375194735616674
11300,2020-05-03,97.06183716194661,1.3458681819391138
11450,2020-05-03,99.89254554711795,0.43734805368556007
11500,2020-05-03,99.74636558801076,0.4489987309072463
11520,2020-05-03,98.9073484859076,0.5060974574938593
11570,2020-05-03,98.65494336511358,0.7185738764398542
12380,2020-05-03,98.14358883673265,0.9228942997519862
12850,2020-05-03,98.40544565954681,0.12631452673930177
12930,2020-05-03,97.93929738528595,0.7607481570470975
13800,2020-05-03,100.0,0.0
14000,2020-05-03,99.3794588150177,0.3032360952042401
14100,2020-05-03,100.0,0.0029063469155099497
14170,2020-05-03,97.98493723652969,2.153140766048023
14500,2020-05-03,99.6107312965044,0.13932149777780012
14700,2020-05-03,99.19389255492278,1.6258750291265889
14900,2020-05-03,99.4062595422189,0.5163233243524079
15350,2020-05-03,97.95909003553022,0.7912065377584376
15950,2020-05-03,98.03009755815616,3.243050172372186
15990,2020-05-03,98.40011549134626,1.3770962663482544
16260,2020-05-03,98.90657394736965,0.9857357487529805
16350,2020-05-03,99.64126621972086,1.0197010392170913
16550,2020-05-03,96.58210286244835,2.543763550755229
16700,2020-05-03,99.72252038542214,0.5011699918876955
17100,2020-05-03,98.00452615771067,1.2985779785936291
17150,2020-05-03,99.68855011607351,0.4691892869459924
17200,2020-05-03,93.88222315923464,4.595887709019308
17420,2020-05-03,100.0,0.01160983413199812
18050,2020-05-03,92.81756772379305,1.407433028531857
18250,2020-05-03,98.49460775983353,1.3264190155976907
18400,2020-05-03,100.0,0.0
18450,2020-05-03,100.0,0.0
18500,2020-05-03,95.69183784530718,2.759549435077946
10500,2020-05-04,96.33753228629914,-0.19237728179926084
10750,2020-05-04,99.30021253008029,-0.09930089127112574
10900,2020-05-04,100.0,0.00031375194735616674
11300,2020-05-04,94.62506613344492,-1.1984549286162327
11450,2020-05-04,99.43820753407839,-0.019467866859290694
11500,2020-05-04,99.21892111929247,-0.08216116105052018
11520,2020-05-04,98.10256958102909,-0.31168997977607527
11570,2020-05-04,97.69998516010823,-0.25635981911539263
12380,2020-05-04,96.91794154195452,-0.33746181566830513
12850,2020-05-04,98.1243593076873,-0.15968733308490135
12930,2020-05-04,96.52375727198924,-0.695571059752953
13800,2020-05-04,100.0,0.0
14000,2020-05-04,99.23208982496458,0.15449724334628545
14100,2020-05-04,100.0,0.0029063469155099497
14170,2020-05-04,95.2855650389909,-0.6610606393118057
14500,2020-05-04,99.40915674011747,-0.06332272584221865
14700,2020-05-04,96.7594024843933,-0.8683025587757243
14900,2020-05-04,98.65409733829352,-0.24423823012404977
15350,2020-05-04,96.38190777632795,-0.8315739798769095
15950,2020-05-04,93.15470852083946,-1.8915977319707622
15990,2020-05-04,96.43262430912162,-0.6499190678067146
16260,2020-05-04,97.49815460583199,-0.45229064091490967
16350,2020-05-04,98.36063990807848,-0.2786414252373137
16550,2020-05-04,93.56469822562183,-0.659894460878252
16700,2020-05-04,98.90341237025069,-0.32433375146231347
17100,2020-05-04,95.87214079705866,-0.9054794583946979
17150,2020-05-04,99.45370024836325,0.23250036143225294
17200,2020-05-04,86.68070803808155,-3.4274509124930908
17420,2020-05-04,100.0,0.01160983413199812
18050,2020-05-04,90.76326520646892,-0.8369863206781569
18250,2020-05-04,96.6070359377118,-0.6154222457707248
18400,2020-05-04,100.0,0.0
18450,2020-05-04,100.0,0.0
18500,2020-05-04,92.28891536055743,-0.8947097908830859
10500,2020-05-05,95.37270503678378,-1.191957734220328
10750,2020-05-05,99.23832714358724,-0.1615605100347417
10900,2020-05-05,100.0,0.00031375194735616674
11300,2020-05-05,94.08434446141325,-1.7630425039101727
11450,2020-05-05,99.20670129486278,-0.2522367145980753
11500,2020-05-05,98.9700103793729,-0.33282527749123325
11520,2020-05-05,98.02451844748836,-0.3910027401968108
11570,2020-05-05,97.2474816808412,-0.7183286120752252
12380,2020-05-05,96.63212539189372,-0.631371926798785
12850,2020-05-05,97.75455873720409,-0.5359548047090934
12930,2020-05-05,96.1924621770862,-1.0364101561564198
13800,2020-05-05,100.0,0.0
14000,2020-05-05,98.83962039784102,-0.24162036564773226
14100,2020-05-05,100.0,0.0029063469155099497
14170,2020-05-05,94.12860972184644,-1.8672319418150618
14500,2020-05-05,99.25984071416566,-0.21343110606333315
14700,2020-05-05,96.25955112450157,-1.3804090053028628
14900,2020-05-05,98.15403666185011,-0.7498830543700707
15350,2020-05-05,97.23568630398132,0.04688832399915022
15950,2020-05-05,92.11930297723131,-2.982063100773147
15990,2020-05-05,95.96148998764956,-1.1353070089057726
16260,2020-05-05,97.20728157420598,-0.7492782519088248
16350,2020-05-05,97.8839173328113,-0.7619589688536488
16550,2020-05-05,92.48879406667828,-1.8022102565397713
16700,2020-05-05,98.8356931224046,-0.39258176217442653
17100,2020-05-05,95.6263161920267,-1.1595665286368795
17150,2020-05-05,98.72261842310834,-0.5043064052451363
17200,2020-05-05,85.45703554858525,-4.790766628684473
17420,2020-05-05,100.0,0.01160983413199812
18050,2020-05-05,90.17723591322317,-1.4772500957904389
18250,2020-05-05,95.8648417368486,-1.3789552177582487
18400,2020-05-05,100.0,0.0
18450,2020-05-05,100.0,0.0
18500,2020-05-05,91.31601998687641,-1.939462326711161
10500,2020-05-06,94.90698573840191,-1.674452302249585
10750,2020-05-06,99.21905854201283,-0.18094563237320838
10900,2020-05-06,100.0,0.00031375194735616674
11300,2020-05-06,94.41716423640386,-1.4155330189180138
11450,2020-05-06,99.00573879802754,-0.45429523788257375
11500,2020-05-06,98.85337296070277,-0.4502843132255685
11520,2020-05-06,97.92850669066829,-0.4885664413347368
11570,2020-05-06,97.05971910599459,-0.9100187405255644
12380,2020-05-06,96.2935995719656,-0.9794843806767206
12850,2020-05-06,98.02670143257764,-0.25905300389414965
12930,2020-05-06,96.21490723818467,-1.0133184941873208
13800,2020-05-06,100.0,0.0
14000,2020-05-06,98.93142925940936,-0.1489580989446848
14100,2020-05-06,99.9888998923479,-0.008194083344226222
14170,2020-05-06,93.79027745297746,-2.2199566040153274
14500,2020-05-06,99.28349781263822,-0.18964846980703554
14700,2020-05-06,96.00032028788515,-1.6459955240604507
14900,2020-05-06,98.452237128188,-0.4483526011780259
15350,2020-05-06,95.92258590655442,-1.304175403867902
15950,2020-05-06,91.85415416845531,-3.261311744296791
15990,2020-05-06,95.61338970795377,-1.493938656733118
16260,2020-05-06,96.975645818337,-0.9857833323961396
16350,2020-05-06,98.08158052768754,-0.561561306214331
16550,2020-05-06,91.48479044019821,-2.868187362303354
16700,2020-05-06,98.88569822702047,-0.34218620959475254
17100,2020-05-06,95.641288865499,-1.1440906053224786
17150,2020-05-06,98.78766773769509,-0.4387477037433918
17200,2020-05-06,84.72664753201589,-5.6045051661233085
17420,2020-05-06,99.97917491090953,-0.009217672716754777
18050,2020-05-06,88.4913754082504,-3.3191297145519716
18250,2020-05-06,95.49855117665084,-1.7557769710318527
18400,2020-05-06,100.0,0.0
18450,2020-05-06,100.0,0.0
18500,2020-05-06,90.18391109487617,-3.155187745648713
10500,2020-05-07,94.38179306428354,-2.2185624847378738
10750,2020-05-07,99.00589583786615,-0.3953973704468816
10900,2020-05-07,99.9981890394221,-0.001497214312473627
11300,2020-05-07,94.21961644382884,-1.6218000042887648
11450,2020-05-07,98.54195809832412,-0.9206053444232309
11500,2020-05-07,98.65606515804018,-0.6489819911050132
11520,2020-05-07,97.65014592951006,-0.7714266556422378
11570,2020-05-07,96.90752112145044,-1.0654003506839316
12380,2020-05-07,96.15254494465798,-1.1245335011642599
12850,2020-05-07,97.52125089905729,-0.7733426222965467
12930,2020-05-07,95.78771791892748,-1.452814350929288
13800,2020-05-07,100.0,0.0
14000,2020-05-07,98.51858952566187,-0.5656353658297308
14100,2020-05-07,99.92852817695976,-0.06856755334385678
14170,2020-05-07,93.31715269186218,-2.7132077269450106
14500,2020-05-07,99.11925812499966,-0.3547597050029383
14700,2020-05-07,95.61704430885457,-2.0386684572761826
14900,2020-05-07,98.16581639671321,-0.7379717759090743
15350,2020-05-07,95.39857776479346,-1.8433332586881068
15950,2020-05-07,91.73379387487101,-3.388072444722634
15990,2020-05-07,95.37648310104917,-1.7380125968334492
16260,2020-05-07,96.84840016362823,-1.115703878106633
16350,2020-05-07,97.15920452905084,-1.4966974316682036
16550,2020-05-07,90.4299467639521,-3.9881426885405746
16700,2020-05-07,98.79212471558955,-0.4364903581733248
17100,2020-05-07,95.34225320366593,-1.4531772209735894
17150,2020-05-07,98.43993625793293,-0.7892021924542414
17200,2020-05-07,84.13168257439386,-6.267366417211118
17420,2020-05-07,99.88800394961845,-0.10039921880522495
18050,2020-05-07,87.81626033905705,-4.056723769693626
18250,2020-05-07,95.56668702228635,-1.6856821566874958
18400,2020-05-07,100.0,0.0
18450,2020-05-07,100.0,0.0
18500,2020-05-07,89.78614056704892,-3.582337240720157
10500,2020-05-08,94.7184858464853,-1.8697419847683916
10750,2020-05-08,99.10389313114192,-0.296807469583904
10900,2020-05-08,100.0,0.00031375194735616674
11300,2020-05-08,93.9789844055409,-1.8730528503686394
11450,2020-05-08,99.0249064164199,-0.4350230814940237
11500,2020-05-08,98.89888516986484,-0.40445150705351596
11520,2020-05-08,97.96126314728501,-0.45528050584580093
11570,2020-05-08,97.02285756796668,-0.947651335653843
12380,2020-05-08,95.71761824577796,-1.5717767880612632
12850,2020-05-08,97.72252092858524,-0.5685528756900093
12930,2020-05-08,95.73207759109214,-1.5100575741304745
13800,2020-05-08,100.0,0.0
14000,2020-05-08,98.52433532719192,-0.5598361544605246
14100,2020-05-08,100.0,0.0029063469155099497
14170,2020-05-08,93.15248571857802,-2.8848795060554044
14500,2020-05-08,99.15330986991101,-0.3205272625054656
14700,2020-05-08,95.85165548588701,-1.7983052096666285
14900,2020-05-08,98.31702524219068,-0.5850743902564126
15350,2020-05-08,94.7318424813337,-2.5293446705624834
15950,2020-05-08,91.69931300556176,-3.424386905370491
15990,2020-05-08,95.38262356662038,-1.7316863586352205
16260,2020-05-08,96.70675888350124,-1.260322666475855
16350,2020-05-08,97.78547415003882,-0.8617640121887482
16550,2020-05-08,90.57289353326534,-3.836372336908478
16700,2020-05-08,99.0715681306453,-0.15486500362865696
17100,2020-05-08,95.11999192896315,-1.6829089685754361
17150,2020-05-08,98.36481302693223,-0.864913696999825
17200,2020-05-08,84.30888998831367,-6.0699364230776816
17420,2020-05-08,100.0,0.01160983413199812
18050,2020-05-08,86.34831333215696,-5.660522936621115
18250,2020-05-08,94.90885117525582,-2.3624313939881625
18400,2020-05-08,100.0,0.0
18450,2020-05-08,100.0,0.0
18500,2020-05-08,88.73785161167086,-4.708051859207862
10500,2020-05-09,96.54326967141239,0.02077079066109544
10750,2020-05-09,99.27140062558199,-0.12828702663475466
10900,2020-05-09,100.0,0.00031375194735616674
11300,2020-05-09,95.65053655082197,-0.12772318911111746
11450,2020-05-09,99.55359320875935,0.09654710808071343
11500,2020-05-09,99.48057181101903,0.18133264993942522
11520,2020-05-09,98.56953192767112,0.1628203962378061
11570,2020-05-09,97.7230574471317,-0.23280491384854995
12380,2020-05-09,97.2334299817554,-0.013039132126679842
12850,2020-05-09,97.66418365998236,-0.6279103194332336
12930,2020-05-09,96.8956262882775,-0.3129891820187636
13800,2020-05-09,100.0,0.0
14000,2020-05-09,98.86272958844324,-0.21829636460584112
14100,2020-05-09,100.0,0.0029063469155099497
14170,2020-05-09,95.92172068901287,0.0021565805853773767
14500,2020-05-09,99.41968213031068,-0.05274148204721385
14700,2020-05-09,98.36170716245499,0.7732865630658337
14900,2020-05-09,99.10609959799328,0.21281151189971315
15350,2020-05-09,96.20287934963014,-1.0157783362555128
15950,2020-05-09,95.96209361474072,1.0650758542293248
15990,2020-05-09,97.00535424978514,-0.05986185050220749
16260,2020-05-09,98.0784467313416,0.14020007941859536
16350,2020-05-09,98.696808359925,0.062177572681343385
16550,2020-05-09,94.23991692571164,0.05700302504281218
16700,2020-05-09,99.22767962846483,0.002465438075072157
17100,2020-05-09,96.88450047671745,0.1409068665314983
17150,2020-05-09,99.4748624661389,0.2538282958937099
17200,2020-05-09,90.30152406521066,0.6065658996807999
17420,2020-05-09,99.98589222781558,-0.0024995759413615204
18050,2020-05-09,89.06442821608212,-2.6930433425740308
18250,2020-05-09,97.55952635357154,0.36445315229247655
18400,2020-05-09,100.0,0.0
18450,2020-05-09,100.0,0.0
18500,2020-05-09,91.44732281694094,-1.798461589753908
10500,2020-05-10,98.6749426950469,2.2292269536153153
10750,2020-05-10,99.89240262535833,0.49647028601231824
10900,2020-05-10,100.0,0.00031375194735616674
11300,2020-05-10,98.17804454457455,2.5113417560151285
11450,2020-05-10,100.0,0.5453885508510004
11500,2020-05-10,100.0,0.7044197938986807
11520,2020-05-10,98.70094916093547,0.2963618717323424
11570,2020-05-10,99.26917561136356,1.3456544236585044
12380,2020-05-10,98.85335823388016,1.6527634913573674
12850,2020-05-10,98.9512880386357,0.681702344602142
12930,2020-05-10,98.69459013062293,1.5377994952689544
13800,2020-05-10,100.0,0.0
14000,2020-05-10,99.72296856945229,0.6499389290785196
14100,2020-05-10,100.0,0.0029063469155099497
14170,2020-05-10,99.08300895981567,3.2979236121019495
14500,2020-05-10,99.8824899590859,0.41252226367771705
14700,2020-05-10,99.80671430068828,2.2537216086507605
14900,2020-05-10,99.70844622476858,0.8218845075953718
15350,2020-05-10,99.42411410368389,2.298586234553346
15950,2020-05-10,98.64835618594175,3.8941859777823717
15990,2020-05-10,98.856065431892,1.8468404407786965
16260,2020-05-10,99.20698137093069,1.29245817863759
16350,2020-05-10,99.92405070784426,1.3063975609750589
16550,2020-05-10,97.35678592138629,3.366264967354593
16700,2020-05-10,100.0,0.7808162122819429
17100,2020-05-10,98.91889867628582,2.243683674276653
17150,2020-05-10,100.0,0.7830780666019832
17200,2020-05-10,95.21503197220947,6.0807941827726975
17420,2020-05-10,100.0,0.01160983413199812
18050,2020-05-10,94.62342379597456,3.380413286362627
18250,2020-05-10,99.20763043348182,2.059941751927341
18400,2020-05-10,100.0,0.0
18450,2020-05-10,100.0,0.0
18500,2020-05-10,94.78922318874262,1.7902684858290385
